公司名字,年度,期间费用,财务费用,销售费用,管理费用,营业收入
寒锐钴业,2018-12-31,1.85亿,7932万,2140万,8446万,27.8亿
寒锐钴业,2017-12-31,7209万,1481万,1037万,4691万,14.6亿
寒锐钴业,2016-12-31,7776万,2318万,793万,4665万,7.43亿
ST慧业,2018-12-31,3.00亿,1501万,8541万,2.00亿,15.3亿
ST慧业,2017-12-31,3.59亿,5861万,1.09亿,1.92亿,17.4亿
ST慧业,2016-12-31,3.81亿,1444万,1.38亿,2.28亿,18.3亿
中来股份,2018-12-31,2.81亿,6530万,8203万,1.34亿,26.9亿
中来股份,2017-12-31,3.39亿,1.10亿,7723万,1.51亿,32.4亿
中来股份,2016-12-31,1.86亿,4164万,2618万,1.19亿,13.9亿
长海股份,2018-12-31,1.87亿,-1477万,1.14亿,8761万,22.0亿
长海股份,2017-12-31,2.18亿,2966万,1.03亿,8549万,20.3亿
长海股份,2016-12-31,2.35亿,427万,9287万,1.38亿,17.7亿
展鹏科技,2018-12-31,3699万,-93.0万,1654万,2137万,3.14亿
展鹏科技,2017-12-31,3279万,-70.5万,1458万,1892万,2.79亿
展鹏科技,2016-12-31,4258万,-31.8万,1548万,2742万,2.82亿
中核科技,2018-12-31,1.97亿,249万,9326万,1.01亿,12.3亿
中核科技,2017-12-31,1.46亿,679万,6792万,7104万,8.74亿
中核科技,2016-12-31,1.82亿,-171万,6676万,1.17亿,9.67亿
徐工机械,2018-12-31,30.4亿,-1827万,22.7亿,7.83亿,444亿
徐工机械,2017-12-31,26.6亿,3.18亿,16.5亿,6.90亿,291亿
徐工机械,2016-12-31,26.8亿,-5483万,12.8亿,14.5亿,169亿
四方科技,2018-12-31,5937万,-3461万,3906万,5492万,12.3亿
四方科技,2017-12-31,8972万,882万,2729万,5361万,10.1亿
四方科技,2016-12-31,7070万,-1148万,2478万,5741万,6.76亿
金财互联,2018-12-31,2.07亿,613万,5762万,1.43亿,12.6亿
金财互联,2017-12-31,1.31亿,-697万,3949万,9801万,9.98亿
金财互联,2016-12-31,1.04亿,122万,2380万,7923万,4.84亿
纽威股份,2018-12-31,4.44亿,2811万,2.86亿,1.31亿,27.8亿
纽威股份,2017-12-31,3.83亿,1618万,2.39亿,1.27亿,24.0亿
纽威股份,2016-12-31,4.28亿,-1465万,2.33亿,2.10亿,20.5亿
隆盛科技,2018-12-31,4397万,544万,1133万,2720万,2.27亿
隆盛科技,2017-12-31,1908万,335万,656万,917万,1.50亿
隆盛科技,2016-12-31,3145万,352万,776万,2017万,1.96亿
双星新材,2018-12-31,2.00亿,2751万,1.12亿,6136万,38.6亿
双星新材,2017-12-31,1.62亿,2748万,9168万,4294万,30.2亿
双星新材,2016-12-31,1.86亿,23.9万,6689万,1.19亿,25.5亿
华源控股,2018-12-31,1.24亿,1710万,4852万,5838万,13.8亿
华源控股,2017-12-31,8390万,160万,3290万,4941万,11.5亿
华源控股,2016-12-31,1.18亿,88.6万,4265万,7473万,10.1亿
捷捷微电,2018-12-31,4799万,-2285万,2736万,4348万,5.37亿
捷捷微电,2017-12-31,4632万,-13.0万,2436万,2209万,4.31亿
捷捷微电,2016-12-31,4137万,-759万,1597万,3299万,3.32亿
神马电力,2018-12-31,9268万,175万,5386万,3707万,6.54亿
神马电力,2017-12-31,1.15亿,494万,6049万,4955万,6.80亿
神马电力,2016-12-31,9374万,172万,4499万,4703万,5.61亿
神力股份,2018-12-31,5560万,267万,1701万,3592万,9.53亿
神力股份,2017-12-31,4089万,81.8万,1303万,2704万,7.18亿
神力股份,2016-12-31,4247万,-308万,1260万,3294万,5.55亿
亿嘉和,2018-12-31,8734万,-58.9万,3812万,4981万,5.05亿
亿嘉和,2017-12-31,6690万,2.08万,2963万,3725万,3.74亿
亿嘉和,2016-12-31,9341万,-16.1万,1574万,7783万,2.62亿
恒润股份,2018-12-31,9183万,-352万,6147万,3387万,11.9亿
恒润股份,2017-12-31,1.00亿,691万,6662万,2682万,7.41亿
恒润股份,2016-12-31,1.04亿,1248万,5080万,4065万,6.29亿
通富微电,2018-12-31,4.77亿,1.14亿,5347万,3.09亿,72.2亿
通富微电,2017-12-31,5.07亿,1.98亿,4268万,2.66亿,65.2亿
通富微电,2016-12-31,6.28亿,4712万,3663万,5.45亿,45.9亿
江苏吴中,2018-12-31,6.24亿,3237万,4.28亿,1.64亿,17.0亿
江苏吴中,2017-12-31,4.87亿,3317万,3.11亿,1.42亿,29.6亿
江苏吴中,2016-12-31,3.82亿,4173万,1.86亿,1.54亿,39.9亿
南京证券,2018-12-31,--,--,--,--,12.3亿
南京证券,2017-12-31,--,--,--,--,13.9亿
南京证券,2016-12-31,--,--,--,--,15.0亿
苏州固锝,2018-12-31,6548万,-1331万,4023万,3856万,18.9亿
苏州固锝,2017-12-31,1.06亿,2279万,3705万,4662万,18.5亿
苏州固锝,2016-12-31,8542万,-1933万,2590万,7886万,11.9亿
沪电股份,2018-12-31,3.30亿,955万,2.03亿,1.18亿,55.0亿
沪电股份,2017-12-31,3.18亿,2870万,1.88亿,1.01亿,46.3亿
沪电股份,2016-12-31,3.95亿,-34.2万,1.56亿,2.39亿,37.9亿
澄星股份,2018-12-31,4.12亿,2.01亿,1.02亿,1.09亿,31.5亿
澄星股份,2017-12-31,4.00亿,1.93亿,1.01亿,1.06亿,29.9亿
澄星股份,2016-12-31,3.44亿,1.40亿,9635万,1.08亿,32.7亿
恒久科技,2018-12-31,806万,-1115万,1156万,765万,3.19亿
恒久科技,2017-12-31,2488万,657万,1119万,712万,2.86亿
恒久科技,2016-12-31,1528万,-981万,917万,1592万,2.75亿
海星股份,2018-12-31,8302万,-1207万,3981万,5529万,10.9亿
海星股份,2017-12-31,8639万,870万,3252万,4516万,9.60亿
海星股份,2016-12-31,5945万,-371万,2382万,3935万,7.56亿
紫金银行,2018-12-31,--,--,--,--,42.3亿
紫金银行,2017-12-31,--,--,--,--,36.2亿
紫金银行,2016-12-31,--,--,--,--,34.4亿
苏州银行,2018-12-31,--,--,--,--,77.4亿
苏州银行,2017-12-31,--,--,--,--,69.0亿
苏州银行,2016-12-31,--,--,--,--,70.1亿
新泉股份,2018-12-31,2.97亿,1917万,1.51亿,1.26亿,34.1亿
新泉股份,2017-12-31,3.09亿,452万,1.87亿,1.17亿,31.0亿
新泉股份,2016-12-31,2.61亿,1382万,1.08亿,1.39亿,17.1亿
诚迈科技,2018-12-31,7876万,-99.8万,2084万,5891万,5.34亿
诚迈科技,2017-12-31,7810万,-63.9万,1608万,6265万,4.86亿
诚迈科技,2016-12-31,1.16亿,45.4万,1417万,1.02亿,5.06亿
风范股份,2018-12-31,1.92亿,3491万,8274万,7443万,19.9亿
风范股份,2017-12-31,2.16亿,5286万,8953万,7314万,22.1亿
风范股份,2016-12-31,2.45亿,4380万,1.05亿,9595万,25.1亿
德威新材,2018-12-31,2.30亿,1.00亿,4838万,8131万,21.9亿
德威新材,2017-12-31,2.11亿,7463万,5754万,7931万,17.9亿
德威新材,2016-12-31,1.65亿,4144万,4788万,7605万,15.8亿
丹化科技,2018-12-31,2.59亿,1868万,9100万,1.49亿,14.3亿
丹化科技,2017-12-31,2.53亿,2731万,8943万,1.36亿,13.3亿
丹化科技,2016-12-31,3.20亿,6398万,7939万,1.76亿,7.12亿
晶方科技,2018-12-31,930万,-3207万,201万,3935万,5.66亿
晶方科技,2017-12-31,5325万,-133万,214万,5245万,6.29亿
晶方科技,2016-12-31,1.19亿,-2296万,241万,1.40亿,5.12亿
焦点科技,2018-12-31,4.90亿,-371万,3.88亿,1.05亿,9.00亿
焦点科技,2017-12-31,3.98亿,262万,3.05亿,9025万,12.2亿
焦点科技,2016-12-31,4.05亿,-1426万,2.59亿,1.60亿,6.85亿
银河电子,2018-12-31,2.39亿,3457万,9714万,1.08亿,15.2亿
银河电子,2017-12-31,2.09亿,2052万,9426万,9421万,16.2亿
银河电子,2016-12-31,3.96亿,3078万,1.17亿,2.48亿,19.8亿
阿科力,2018-12-31,2494万,-667万,1078万,2082万,4.22亿
阿科力,2017-12-31,2495万,154万,830万,1510万,2.91亿
阿科力,2016-12-31,3088万,-138万,787万,2440万,2.26亿
众应互联,2018-12-31,3.19亿,1.70亿,8093万,6850万,7.92亿
众应互联,2017-12-31,1.56亿,7879万,2936万,4764万,5.05亿
众应互联,2016-12-31,1.15亿,4950万,2409万,4140万,3.71亿
秀强股份,2018-12-31,2.38亿,1773万,8563万,1.34亿,14.0亿
秀强股份,2017-12-31,2.24亿,2094万,7754万,1.25亿,13.8亿
秀强股份,2016-12-31,2.04亿,173万,6438万,1.38亿,11.5亿
扬子新材,2018-12-31,1.80亿,9625万,3769万,4646万,27.4亿
扬子新材,2017-12-31,1.95亿,1.02亿,5819万,3536万,26.1亿
扬子新材,2016-12-31,1.26亿,144万,2986万,9511万,18.9亿
长城影视,2018-12-31,2.27亿,1.02亿,3856万,8639万,14.5亿
长城影视,2017-12-31,1.46亿,5846万,2322万,6439万,12.5亿
长城影视,2016-12-31,1.17亿,3219万,2854万,5654万,13.6亿
光一科技,2018-12-31,1.22亿,3016万,4105万,5095万,4.36亿
光一科技,2017-12-31,1.12亿,923万,4557万,5707万,5.40亿
光一科技,2016-12-31,1.62亿,593万,4394万,1.12亿,8.14亿
大港股份,2018-12-31,2.06亿,8907万,2954万,8742万,16.9亿
大港股份,2017-12-31,2.17亿,7317万,3713万,1.07亿,13.1亿
大港股份,2016-12-31,2.13亿,5474万,4301万,1.15亿,13.7亿
深南股份,2018-12-31,6853万,85.5万,1716万,5051万,1.82亿
深南股份,2017-12-31,8529万,354万,2358万,5816万,1.05亿
深南股份,2016-12-31,1.50亿,1215万,7137万,6671万,3.25亿
天龙光电,2018-12-31,4805万,153万,150万,4502万,958万
天龙光电,2017-12-31,5319万,692万,449万,4178万,3.34亿
天龙光电,2016-12-31,8627万,1137万,534万,6956万,1.32亿
立华股份,2018-12-31,4.19亿,544万,9172万,3.22亿,72.1亿
立华股份,2017-12-31,3.49亿,2043万,7136万,2.57亿,59.3亿
立华股份,2016-12-31,3.18亿,1091万,6627万,2.40亿,52.0亿
春兴精工,2018-12-31,5.70亿,1.79亿,1.16亿,2.75亿,49.3亿
春兴精工,2017-12-31,5.11亿,1.57亿,9148万,2.62亿,38.0亿
春兴精工,2016-12-31,3.20亿,3397万,7694万,2.09亿,25.4亿
麦迪科技,2018-12-31,1.17亿,455万,6460万,4747万,2.84亿
麦迪科技,2017-12-31,1.09亿,255万,6256万,4346万,2.69亿
麦迪科技,2016-12-31,1.33亿,225万,6158万,6951万,2.41亿
弘业股份,2018-12-31,3.34亿,2116万,2.05亿,1.08亿,45.1亿
弘业股份,2017-12-31,3.12亿,4077万,1.66亿,1.05亿,41.0亿
弘业股份,2016-12-31,2.41亿,727万,1.46亿,8826万,35.3亿
利通电子,2018-12-31,1.63亿,1762万,6889万,7620万,15.9亿
利通电子,2017-12-31,1.65亿,1945万,7256万,7252万,16.7亿
利通电子,2016-12-31,2.31亿,1623万,6304万,1.51亿,13.8亿
晶瑞股份,2018-12-31,1.36亿,1943万,5726万,5923万,8.11亿
晶瑞股份,2017-12-31,6396万,256万,3447万,2694万,5.35亿
晶瑞股份,2016-12-31,9033万,448万,2928万,5656万,4.40亿
海伦哲,2018-12-31,2.21亿,4266万,9329万,8528万,18.1亿
海伦哲,2017-12-31,2.10亿,2389万,9045万,9564万,15.6亿
海伦哲,2016-12-31,2.82亿,1712万,8266万,1.82亿,14.2亿
科沃斯,2018-12-31,13.4亿,-2782万,10.7亿,2.94亿,56.9亿
科沃斯,2017-12-31,10.4亿,3324万,7.27亿,2.80亿,45.5亿
科沃斯,2016-12-31,9.93亿,-2633万,5.20亿,4.99亿,32.8亿
和晶科技,2018-12-31,1.81亿,5208万,3644万,9257万,12.7亿
和晶科技,2017-12-31,1.47亿,3406万,3016万,8263万,14.3亿
和晶科技,2016-12-31,1.58亿,1446万,2415万,1.19亿,13.3亿
科森科技,2018-12-31,3.09亿,4587万,6687万,1.97亿,24.1亿
科森科技,2017-12-31,2.34亿,3618万,4826万,1.49亿,21.6亿
科森科技,2016-12-31,1.95亿,706万,3174万,1.56亿,13.0亿
光洋股份,2018-12-31,2.00亿,2408万,4261万,1.34亿,13.5亿
光洋股份,2017-12-31,2.27亿,2733万,4948万,1.50亿,14.6亿
光洋股份,2016-12-31,2.12亿,2245万,3665万,1.53亿,11.1亿
康缘药业,2018-12-31,20.8亿,4397万,18.9亿,1.50亿,38.2亿
康缘药业,2017-12-31,17.5亿,5087万,15.7亿,1.35亿,32.7亿
康缘药业,2016-12-31,17.9亿,4288万,13.4亿,4.10亿,30.0亿
南极电商,2018-12-31,1.73亿,521万,1.11亿,5680万,33.5亿
南极电商,2017-12-31,5277万,-870万,3100万,3047万,9.86亿
南极电商,2016-12-31,5716万,-1026万,2203万,4539万,5.21亿
沙钢股份,2018-12-31,2.98亿,-752万,1.00亿,2.05亿,147亿
沙钢股份,2017-12-31,2.93亿,-1861万,1.00亿,2.11亿,124亿
沙钢股份,2016-12-31,2.91亿,-208万,1.07亿,1.86亿,75.9亿
世嘉科技,2018-12-31,8455万,-53.1万,2684万,5824万,12.8亿
世嘉科技,2017-12-31,3124万,-21.2万,1070万,2075万,5.77亿
世嘉科技,2016-12-31,4288万,-105万,958万,3435万,4.97亿
幸福蓝海,2018-12-31,6.42亿,3677万,4.74亿,1.31亿,16.5亿
幸福蓝海,2017-12-31,5.56亿,-411万,4.47亿,1.13亿,15.2亿
幸福蓝海,2016-12-31,4.90亿,-310万,3.84亿,1.09亿,15.4亿
太极实业,2018-12-31,7.64亿,1.95亿,5289万,5.16亿,157亿
太极实业,2017-12-31,6.88亿,1.73亿,5021万,4.66亿,120亿
太极实业,2016-12-31,8.51亿,1.63亿,4569万,6.43亿,96.2亿
中设股份,2018-12-31,4166万,-63.6万,1299万,2931万,2.70亿
中设股份,2017-12-31,3168万,52.4万,1180万,1936万,2.32亿
中设股份,2016-12-31,4062万,103万,1041万,2917万,1.92亿
国电南自,2018-12-31,7.47亿,1.19亿,3.24亿,3.04亿,49.3亿
国电南自,2017-12-31,8.29亿,1.55亿,3.65亿,3.09亿,60.8亿
国电南自,2016-12-31,11.3亿,1.68亿,4.19亿,5.47亿,58.9亿
久吾高科,2018-12-31,6364万,4.34万,3116万,3244万,4.72亿
久吾高科,2017-12-31,4514万,-112万,2307万,2319万,2.94亿
久吾高科,2016-12-31,5946万,-135万,2018万,4064万,2.46亿
华软科技,2018-12-31,2.49亿,4275万,6816万,1.39亿,20.6亿
华软科技,2017-12-31,2.44亿,3340万,7593万,1.34亿,14.7亿
华软科技,2016-12-31,2.21亿,1250万,6531万,1.43亿,11.9亿
海辰药业,2018-12-31,4.68亿,356万,4.38亿,2656万,7.12亿
海辰药业,2017-12-31,2.42亿,39.1万,2.19亿,2257万,4.55亿
海辰药业,2016-12-31,1.32亿,173万,8586万,4398万,2.81亿
越博动力,2018-12-31,1.09亿,2751万,3347万,4809万,4.93亿
越博动力,2017-12-31,1.00亿,1434万,4007万,4602万,9.00亿
越博动力,2016-12-31,8139万,424万,2681万,5034万,6.54亿
*ST新海,2018-12-31,2.02亿,1.14亿,733万,8058万,7.59亿
*ST新海,2017-12-31,2.10亿,1.23亿,1007万,7688万,16.0亿
*ST新海,2016-12-31,2.16亿,8273万,1804万,1.15亿,19.0亿
永鼎股份,2018-12-31,2.93亿,2448万,1.08亿,1.60亿,32.2亿
永鼎股份,2017-12-31,2.69亿,4677万,9128万,1.31亿,28.7亿
永鼎股份,2016-12-31,2.30亿,-61.6万,7627万,1.55亿,25.8亿
奥联电子,2018-12-31,5672万,48.1万,2511万,3113万,3.49亿
奥联电子,2017-12-31,6048万,-15.7万,2785万,3278万,3.95亿
奥联电子,2016-12-31,7361万,41.4万,2145万,5174万,3.26亿
通用股份,2018-12-31,2.58亿,-130万,1.67亿,9169万,38.5亿
通用股份,2017-12-31,2.57亿,282万,1.64亿,9019万,37.7亿
通用股份,2016-12-31,3.46亿,2032万,1.40亿,1.86亿,33.6亿
朗新科技,2018-12-31,3.16亿,-504万,1.23亿,1.98亿,10.2亿
朗新科技,2017-12-31,2.14亿,-429万,8884万,1.29亿,7.83亿
朗新科技,2016-12-31,2.50亿,-443万,6906万,1.85亿,7.50亿
立霸股份,2018-12-31,4303万,-231万,3564万,970万,12.8亿
立霸股份,2017-12-31,5269万,839万,3458万,972万,12.2亿
立霸股份,2016-12-31,6105万,-623万,2949万,3779万,8.63亿
通光线缆,2018-12-31,2.24亿,3637万,1.20亿,6736万,16.1亿
通光线缆,2017-12-31,2.23亿,3279万,1.20亿,7043万,15.2亿
通光线缆,2016-12-31,2.94亿,2579万,1.24亿,1.44亿,14.5亿
鹿港文化,2018-12-31,4.69亿,1.51亿,1.66亿,1.52亿,47.8亿
鹿港文化,2017-12-31,3.98亿,1.03亿,1.41亿,1.54亿,41.1亿
鹿港文化,2016-12-31,3.48亿,5691万,1.19亿,1.73亿,35.9亿
聚灿光电,2018-12-31,1.05亿,4899万,862万,4727万,5.59亿
聚灿光电,2017-12-31,4776万,714万,1115万,2947万,6.21亿
聚灿光电,2016-12-31,5702万,919万,938万,3845万,4.80亿
扬杰科技,2018-12-31,2.07亿,202万,8249万,1.22亿,18.5亿
扬杰科技,2017-12-31,1.79亿,1554万,6392万,9972万,14.7亿
扬杰科技,2016-12-31,1.83亿,-670万,4973万,1.40亿,11.9亿
罗博特科,2018-12-31,3842万,-52.9万,1817万,2078万,6.59亿
罗博特科,2017-12-31,4177万,140万,1906万,2132万,4.29亿
罗博特科,2016-12-31,3602万,51.6万,1034万,2516万,2.97亿
天瑞仪器,2018-12-31,2.46亿,-445万,1.69亿,8164万,10.2亿
天瑞仪器,2017-12-31,1.82亿,-1727万,1.28亿,7105万,7.92亿
天瑞仪器,2016-12-31,1.62亿,-2724万,1.03亿,8619万,4.30亿
神宇股份,2018-12-31,2567万,97.8万,798万,1671万,3.70亿
神宇股份,2017-12-31,2381万,277万,764万,1339万,3.24亿
神宇股份,2016-12-31,3841万,153万,591万,3096万,3.12亿
江苏神通,2018-12-31,1.92亿,1439万,1.12亿,6562万,10.9亿
江苏神通,2017-12-31,1.46亿,1018万,7478万,6057万,7.56亿
江苏神通,2016-12-31,1.72亿,1198万,6214万,9748万,6.00亿
富瑞特装,2018-12-31,2.65亿,5955万,9193万,1.14亿,14.5亿
富瑞特装,2017-12-31,3.13亿,7145万,1.02亿,1.40亿,17.5亿
富瑞特装,2016-12-31,3.41亿,4807万,9900万,1.94亿,8.87亿
连云港,2018-12-31,3.79亿,1.73亿,--,2.06亿,13.2亿
连云港,2017-12-31,3.65亿,1.56亿,--,2.09亿,13.1亿
连云港,2016-12-31,3.43亿,1.15亿,--,2.28亿,11.7亿
德尔未来,2018-12-31,3.59亿,-1243万,2.44亿,1.27亿,17.7亿
德尔未来,2017-12-31,3.05亿,325万,2.18亿,8359万,16.0亿
德尔未来,2016-12-31,2.16亿,-37.6万,1.49亿,6758万,11.3亿
迈为股份,2018-12-31,9125万,-343万,5429万,4039万,7.88亿
迈为股份,2017-12-31,7925万,1902万,3318万,2705万,4.76亿
迈为股份,2016-12-31,5442万,-375万,2974万,2843万,3.45亿
和顺电气,2018-12-31,8701万,776万,4806万,3119万,7.55亿
和顺电气,2017-12-31,7062万,97.1万,4043万,2922万,5.43亿
和顺电气,2016-12-31,8253万,-191万,2982万,5462万,4.07亿
苏州高新,2018-12-31,6.81亿,2.01亿,2.44亿,2.36亿,72.8亿
苏州高新,2017-12-31,7.39亿,2.77亿,2.39亿,2.24亿,62.4亿
苏州高新,2016-12-31,7.10亿,3.39亿,2.02亿,1.69亿,55.8亿
华西股份,2018-12-31,5.64亿,3.94亿,3539万,1.35亿,29.3亿
华西股份,2017-12-31,3.53亿,2.04亿,3564万,1.13亿,28.4亿
华西股份,2016-12-31,2.38亿,6511万,3300万,1.40亿,21.3亿
法 尔 胜,2018-12-31,1.51亿,8965万,48.9万,6088万,17.0亿
法 尔 胜,2017-12-31,2.21亿,1.03亿,1560万,1.02亿,20.0亿
法 尔 胜,2016-12-31,1.98亿,4452万,3365万,1.20亿,19.1亿
天沃科技,2018-12-31,6.66亿,3.33亿,5756万,2.76亿,77.0亿
天沃科技,2017-12-31,8.16亿,4.47亿,8975万,2.80亿,104亿
天沃科技,2016-12-31,4.56亿,1.83亿,3977万,2.33亿,12.0亿
澳洋顺昌,2018-12-31,2.33亿,9259万,4557万,9496万,43.0亿
澳洋顺昌,2017-12-31,1.77亿,5193万,4673万,7856万,36.4亿
澳洋顺昌,2016-12-31,1.44亿,918万,3522万,9964万,19.9亿
新联电子,2018-12-31,8892万,-573万,3424万,6041万,7.07亿
新联电子,2017-12-31,8697万,-575万,3428万,5844万,6.21亿
新联电子,2016-12-31,1.41亿,-2000万,3932万,1.21亿,5.84亿
凤凰传媒,2018-12-31,27.7亿,-1.96亿,15.3亿,14.4亿,118亿
凤凰传媒,2017-12-31,28.8亿,-7413万,15.2亿,14.3亿,111亿
凤凰传媒,2016-12-31,28.4亿,-5831万,14.7亿,14.3亿,105亿
哈森股份,2018-12-31,6.96亿,-75.7万,6.12亿,8467万,13.5亿
哈森股份,2017-12-31,6.89亿,-11.7万,6.10亿,7980万,15.0亿
哈森股份,2016-12-31,7.31亿,397万,6.43亿,8382万,16.8亿
吴通控股,2018-12-31,3.04亿,1864万,8520万,2.00亿,30.4亿
吴通控股,2017-12-31,2.05亿,1508万,3931万,1.50亿,25.6亿
吴通控股,2016-12-31,2.86亿,608万,3501万,2.45亿,19.8亿
科斯伍德,2018-12-31,1.85亿,2642万,8634万,7272万,9.59亿
科斯伍德,2017-12-31,7006万,501万,2923万,3581万,4.72亿
科斯伍德,2016-12-31,6922万,-258万,3360万,3820万,4.90亿
天晟新材,2018-12-31,1.85亿,3410万,4398万,1.07亿,9.05亿
天晟新材,2017-12-31,1.67亿,2966万,4677万,9104万,7.72亿
天晟新材,2016-12-31,1.83亿,1991万,4582万,1.17亿,8.22亿
国轩高科,2018-12-31,7.33亿,1.08亿,2.82亿,3.44亿,51.3亿
国轩高科,2017-12-31,6.95亿,4815万,3.38亿,3.09亿,48.4亿
国轩高科,2016-12-31,10.0亿,4199万,3.83亿,5.78亿,47.6亿
永安行,2018-12-31,4057万,27.9万,1134万,2895万,8.45亿
永安行,2017-12-31,6987万,639万,2500万,3848万,10.5亿
永安行,2016-12-31,7098万,538万,2338万,4221万,7.74亿
通达动力,2018-12-31,7191万,-75.6万,2766万,4501万,11.6亿
通达动力,2017-12-31,9313万,22.0万,2436万,6855万,10.8亿
通达动力,2016-12-31,9497万,66.8万,2264万,7167万,8.19亿
东山精密,2018-12-31,16.0亿,6.29亿,3.81亿,5.94亿,198亿
东山精密,2017-12-31,11.3亿,3.61亿,3.16亿,4.52亿,154亿
东山精密,2016-12-31,8.85亿,2.05亿,1.97亿,4.83亿,84.0亿
新日股份,2018-12-31,3.38亿,-613万,2.54亿,8949万,30.5亿
新日股份,2017-12-31,3.11亿,-873万,2.36亿,8361万,27.0亿
新日股份,2016-12-31,2.95亿,-874万,1.85亿,1.19亿,20.5亿
日出东方,2018-12-31,10.5亿,2386万,8.20亿,2.11亿,31.8亿
日出东方,2017-12-31,9.34亿,4268万,6.95亿,1.97亿,27.8亿
日出东方,2016-12-31,7.21亿,426万,5.21亿,1.96亿,23.5亿
五洋停车,2018-12-31,1.41亿,578万,7551万,5979万,10.0亿
五洋停车,2017-12-31,1.03亿,81.5万,5386万,4853万,7.55亿
五洋停车,2016-12-31,1.21亿,125万,4281万,7692万,6.07亿
锦富技术,2018-12-31,2.91亿,5322万,9714万,1.41亿,25.6亿
锦富技术,2017-12-31,2.14亿,2086万,7716万,1.16亿,30.2亿
锦富技术,2016-12-31,2.77亿,963万,6636万,2.01亿,29.7亿
恒宝股份,2018-12-31,1.38亿,26.6万,6564万,7217万,16.9亿
恒宝股份,2017-12-31,1.70亿,820万,7302万,8916万,13.7亿
恒宝股份,2016-12-31,3.43亿,763万,9171万,2.44亿,13.5亿
亿通科技,2018-12-31,1442万,-483万,592万,1332万,1.28亿
亿通科技,2017-12-31,1967万,-252万,714万,1504万,1.69亿
亿通科技,2016-12-31,4154万,-342万,1013万,3483万,2.20亿
宝馨科技,2018-12-31,1.18亿,1879万,4002万,5929万,8.07亿
宝馨科技,2017-12-31,9844万,1592万,2816万,5437万,5.48亿
宝馨科技,2016-12-31,1.27亿,740万,2108万,9805万,5.48亿
长电科技,2018-12-31,25.3亿,11.3亿,2.85亿,11.1亿,239亿
长电科技,2017-12-31,24.5亿,9.83亿,2.41亿,12.2亿,239亿
长电科技,2016-12-31,27.9亿,9.64亿,2.34亿,16.0亿,192亿
路通视信,2018-12-31,4495万,400万,1982万,2112万,3.39亿
路通视信,2017-12-31,4552万,260万,2371万,1922万,3.77亿
路通视信,2016-12-31,6489万,284万,2941万,3264万,3.94亿
润和软件,2018-12-31,2.86亿,6627万,7000万,1.50亿,20.4亿
润和软件,2017-12-31,2.47亿,7025万,4826万,1.28亿,16.1亿
润和软件,2016-12-31,3.71亿,5886万,4738万,2.64亿,13.1亿
全信股份,2018-12-31,1.13亿,389万,4031万,6849万,6.48亿
全信股份,2017-12-31,9756万,528万,3428万,5799万,5.67亿
全信股份,2016-12-31,1.08亿,-41.9万,2951万,7845万,4.18亿
维尔利,2018-12-31,2.73亿,3648万,1.05亿,1.32亿,20.6亿
维尔利,2017-12-31,2.01亿,2341万,6352万,1.14亿,14.2亿
维尔利,2016-12-31,1.69亿,1554万,2527万,1.28亿,7.73亿
东华能源,2018-12-31,11.4亿,5.53亿,2.60亿,3.24亿,489亿
东华能源,2017-12-31,9.01亿,4.95亿,2.56亿,1.50亿,327亿
东华能源,2016-12-31,7.08亿,3.68亿,1.67亿,1.72亿,200亿
中超控股,2018-12-31,6.81亿,2.61亿,2.58亿,1.63亿,76.4亿
中超控股,2017-12-31,6.49亿,2.58亿,2.33亿,1.58亿,74.2亿
中超控股,2016-12-31,7.08亿,2.01亿,2.16亿,2.91亿,62.2亿
南京熊猫,2018-12-31,3.12亿,658万,5647万,2.49亿,45.0亿
南京熊猫,2017-12-31,2.68亿,-514万,5611万,2.17亿,41.9亿
南京熊猫,2016-12-31,4.70亿,-542万,4835万,4.27亿,37.0亿
优德精密,2018-12-31,6389万,621万,3058万,2710万,3.81亿
优德精密,2017-12-31,6083万,-394万,3568万,2909万,4.61亿
优德精密,2016-12-31,7056万,763万,2803万,3490万,3.64亿
华辰装备,2018-12-31,3004万,-237万,1519万,1722万,4.01亿
华辰装备,2017-12-31,4862万,87.8万,1368万,3406万,2.51亿
华辰装备,2016-12-31,2646万,-38.2万,1022万,1662万,2.03亿
苏试试验,2018-12-31,1.43亿,854万,4827万,8656万,6.29亿
苏试试验,2017-12-31,1.12亿,482万,4024万,6738万,4.91亿
苏试试验,2016-12-31,1.08亿,120万,3272万,7371万,3.94亿
安洁科技,2018-12-31,1.97亿,-7414万,6185万,2.09亿,35.5亿
安洁科技,2017-12-31,2.74亿,4420万,4157万,1.89亿,27.1亿
安洁科技,2016-12-31,2.15亿,-4892万,3154万,2.32亿,18.3亿
南钢股份,2018-12-31,19.3亿,3.91亿,5.61亿,9.80亿,436亿
南钢股份,2017-12-31,18.4亿,5.49亿,5.08亿,7.80亿,376亿
南钢股份,2016-12-31,19.9亿,6.90亿,4.25亿,8.73亿,242亿
ST远程,2018-12-31,3.52亿,5883万,1.92亿,1.01亿,30.0亿
ST远程,2017-12-31,2.72亿,4914万,1.43亿,8018万,25.7亿
ST远程,2016-12-31,2.88亿,5045万,1.19亿,1.19亿,25.3亿
玉龙股份,2018-12-31,1.05亿,-2061万,5648万,6919万,15.2亿
玉龙股份,2017-12-31,1.07亿,-9.10万,5638万,5026万,13.8亿
玉龙股份,2016-12-31,1.92亿,-158万,7604万,1.17亿,18.1亿
汇鸿集团,2018-12-31,21.6亿,5.02亿,9.73亿,6.88亿,390亿
汇鸿集团,2017-12-31,19.6亿,5.13亿,8.56亿,5.86亿,368亿
汇鸿集团,2016-12-31,18.7亿,4.67亿,8.28亿,5.72亿,359亿
江苏阳光,2018-12-31,3.01亿,8576万,2091万,1.95亿,24.2亿
江苏阳光,2017-12-31,3.41亿,1.41亿,1855万,1.81亿,21.5亿
江苏阳光,2016-12-31,3.14亿,1.04亿,2233万,1.88亿,20.9亿
安靠智电,2018-12-31,6485万,190万,2584万,3711万,3.20亿
安靠智电,2017-12-31,5351万,-52.7万,2193万,3211万,3.60亿
安靠智电,2016-12-31,6509万,60.6万,2647万,3801万,3.24亿
金轮股份,2018-12-31,2.18亿,2699万,1.11亿,8048万,22.8亿
金轮股份,2017-12-31,2.01亿,2149万,1.05亿,7511万,20.9亿
金轮股份,2016-12-31,1.80亿,961万,9459万,7613万,17.4亿
宝利国际,2018-12-31,2.36亿,8953万,6077万,8556万,20.5亿
宝利国际,2017-12-31,1.68亿,3742万,4428万,8586万,18.0亿
宝利国际,2016-12-31,2.11亿,4024万,3728万,1.34亿,13.8亿
花王股份,2018-12-31,1.70亿,3855万,1779万,1.13亿,12.6亿
花王股份,2017-12-31,8881万,1134万,733万,7014万,10.4亿
花王股份,2016-12-31,6674万,1804万,317万,4553万,5.11亿
爱朋医疗,2018-12-31,1.30亿,-110万,8157万,4922万,2.98亿
爱朋医疗,2017-12-31,1.01亿,-8.26万,6318万,3811万,2.47亿
爱朋医疗,2016-12-31,8223万,-22.5万,4788万,3458万,1.98亿
创元科技,2018-12-31,3.37亿,178万,1.27亿,2.09亿,29.8亿
创元科技,2017-12-31,3.39亿,2901万,1.15亿,1.94亿,25.9亿
创元科技,2016-12-31,4.23亿,1247万,1.10亿,3.00亿,22.8亿
万林物流,2018-12-31,2.27亿,1.02亿,3093万,9426万,9.42亿
万林物流,2017-12-31,1.64亿,7016万,1620万,7776万,6.75亿
万林物流,2016-12-31,1.27亿,5508万,902万,6321万,4.00亿
天孚通信,2018-12-31,3170万,-705万,909万,2965万,4.43亿
天孚通信,2017-12-31,3139万,80.7万,767万,2291万,3.38亿
天孚通信,2016-12-31,5316万,-619万,672万,5263万,3.10亿
南京高科,2018-12-31,5.42亿,1.91亿,1.66亿,1.85亿,34.2亿
南京高科,2017-12-31,6.28亿,1.69亿,2.69亿,1.90亿,36.3亿
南京高科,2016-12-31,5.34亿,1.29亿,1.99亿,2.07亿,52.2亿
春兰股份,2018-12-31,1.13亿,-551万,6883万,5015万,6.60亿
春兰股份,2017-12-31,1.46亿,-28.7万,9169万,5475万,8.19亿
春兰股份,2016-12-31,1.25亿,775万,4285万,7451万,1.86亿
苏盐井神,2018-12-31,4.94亿,8538万,2.35亿,1.74亿,27.6亿
苏盐井神,2017-12-31,4.88亿,8664万,2.38亿,1.64亿,26.0亿
苏盐井神,2016-12-31,4.96亿,1.06亿,2.25亿,1.66亿,21.5亿
亨通光电,2018-12-31,24.9亿,5.04亿,10.7亿,9.20亿,339亿
亨通光电,2017-12-31,20.6亿,3.88亿,9.17亿,7.54亿,260亿
亨通光电,2016-12-31,25.3亿,3.48亿,7.94亿,13.9亿,193亿
中国天楹,2018-12-31,3.71亿,1.25亿,5962万,1.86亿,18.5亿
中国天楹,2017-12-31,3.21亿,1.55亿,442万,1.61亿,16.1亿
中国天楹,2016-12-31,2.29亿,1.17亿,131万,1.11亿,9.80亿
多伦科技,2018-12-31,1.19亿,-796万,6104万,6595万,5.50亿
多伦科技,2017-12-31,9204万,-1137万,5241万,5100万,5.09亿
多伦科技,2016-12-31,1.39亿,-846万,5000万,9750万,8.32亿
天华超净,2018-12-31,8980万,29.4万,4241万,4709万,7.78亿
天华超净,2017-12-31,8347万,987万,3072万,4288万,7.36亿
天华超净,2016-12-31,8895万,-408万,2833万,6470万,5.91亿
长青股份,2018-12-31,2.33亿,1323万,1.00亿,1.20亿,30.0亿
长青股份,2017-12-31,2.27亿,3347万,8664万,1.07亿,22.5亿
长青股份,2016-12-31,2.55亿,1745万,7248万,1.65亿,18.3亿
上机数控,2018-12-31,3598万,228万,1155万,2216万,6.84亿
上机数控,2017-12-31,3541万,280万,1232万,2028万,6.33亿
上机数控,2016-12-31,2201万,108万,530万,1563万,2.98亿
力星股份,2018-12-31,7074万,325万,2853万,3895万,7.06亿
力星股份,2017-12-31,6502万,607万,2474万,3420万,6.63亿
力星股份,2016-12-31,5713万,-264万,2090万,3887万,4.86亿
华泰证券,2018-12-31,--,--,--,--,161亿
华泰证券,2017-12-31,--,--,--,--,211亿
华泰证券,2016-12-31,--,--,--,--,169亿
爱康科技,2018-12-31,8.15亿,4.40亿,1.40亿,2.36亿,48.4亿
爱康科技,2017-12-31,7.69亿,4.52亿,1.12亿,2.06亿,48.6亿
爱康科技,2016-12-31,6.21亿,3.48亿,8451万,1.88亿,39.0亿
鼎胜新材,2018-12-31,4.38亿,1.16亿,2.44亿,7802万,103亿
鼎胜新材,2017-12-31,4.79亿,1.83亿,2.15亿,8140万,92.0亿
鼎胜新材,2016-12-31,3.97亿,7936万,1.89亿,1.28亿,70.9亿
栖霞建设,2018-12-31,2.93亿,1.54亿,5807万,8144万,23.4亿
栖霞建设,2017-12-31,2.70亿,1.62亿,2804万,7991万,17.1亿
栖霞建设,2016-12-31,2.61亿,1.37亿,4509万,7907万,29.0亿
雅本化学,2018-12-31,1.88亿,1150万,3695万,1.40亿,18.1亿
雅本化学,2017-12-31,1.45亿,3392万,1962万,9098万,12.1亿
雅本化学,2016-12-31,1.53亿,219万,1185万,1.39亿,6.62亿
悦达投资,2018-12-31,4.72亿,1.22亿,8959万,2.60亿,20.9亿
悦达投资,2017-12-31,4.27亿,1.07亿,8836万,2.32亿,16.8亿
悦达投资,2016-12-31,4.17亿,1.16亿,5754万,2.43亿,15.5亿
南纺股份,2018-12-31,9007万,3716万,1264万,4026万,10.1亿
南纺股份,2017-12-31,1.28亿,7741万,836万,4204万,7.99亿
南纺股份,2016-12-31,9273万,3793万,898万,4582万,8.48亿
快克股份,2018-12-31,4650万,-1106万,3388万,2368万,4.32亿
快克股份,2017-12-31,4747万,187万,2259万,2301万,3.62亿
快克股份,2016-12-31,4587万,-591万,1901万,3277万,2.86亿
音飞储存,2018-12-31,1.09亿,-370万,8781万,2530万,6.89亿
音飞储存,2017-12-31,1.01亿,297万,7599万,2224万,5.99亿
音飞储存,2016-12-31,1.01亿,-344万,6043万,4407万,4.90亿
雷科防务,2018-12-31,1.83亿,-30.3万,2475万,1.59亿,9.94亿
雷科防务,2017-12-31,1.45亿,-30.5万,2112万,1.24亿,7.67亿
雷科防务,2016-12-31,1.25亿,-555万,1382万,1.16亿,5.31亿
科远智慧,2018-12-31,1.03亿,-1467万,6877万,4899万,6.09亿
科远智慧,2017-12-31,8709万,-1708万,6120万,4297万,5.91亿
科远智慧,2016-12-31,1.30亿,-1035万,5316万,8714万,5.13亿
中材国际,2018-12-31,13.6亿,-2.00亿,3.77亿,11.9亿,215亿
中材国际,2017-12-31,16.5亿,2.89亿,3.06亿,10.5亿,196亿
中材国际,2016-12-31,15.3亿,-1.25亿,2.80亿,13.7亿,190亿
张家港行,2018-12-31,--,--,--,--,29.9亿
张家港行,2017-12-31,--,--,--,--,24.1亿
张家港行,2016-12-31,--,--,--,--,24.4亿
鸿达兴业,2018-12-31,9.12亿,3.56亿,3.33亿,2.23亿,60.4亿
鸿达兴业,2017-12-31,9.75亿,3.28亿,3.80亿,2.67亿,65.4亿
鸿达兴业,2016-12-31,7.87亿,2.83亿,2.38亿,2.66亿,61.6亿
金陵体育,2018-12-31,9509万,447万,4135万,4926万,4.54亿
金陵体育,2017-12-31,7462万,223万,3614万,3626万,3.36亿
金陵体育,2016-12-31,7840万,75.4万,3641万,4123万,3.30亿
江苏有线,2018-12-31,15.4亿,-2524万,6.39亿,9.27亿,78.8亿
江苏有线,2017-12-31,15.0亿,-2198万,6.44亿,8.73亿,81.0亿
江苏有线,2016-12-31,9.77亿,-6237万,4.31亿,6.09亿,54.2亿
江苏舜天,2018-12-31,3.48亿,-1921万,2.54亿,1.13亿,53.6亿
江苏舜天,2017-12-31,4.15亿,2032万,2.68亿,1.27亿,55.0亿
江苏舜天,2016-12-31,3.80亿,-1167万,2.64亿,1.27亿,47.5亿
保税科技,2018-12-31,1.06亿,3512万,921万,6209万,13.6亿
保税科技,2017-12-31,1.20亿,4275万,808万,6928万,10.5亿
保税科技,2016-12-31,1.24亿,3510万,863万,8036万,8.42亿
雪浪环境,2018-12-31,1.37亿,3090万,2704万,7888万,9.60亿
雪浪环境,2017-12-31,1.04亿,1491万,2527万,6400万,8.18亿
雪浪环境,2016-12-31,1.05亿,1214万,1617万,7668万,6.96亿
柯利达,2018-12-31,1.60亿,3388万,2020万,1.06亿,23.9亿
柯利达,2017-12-31,1.31亿,2222万,1879万,8957万,20.4亿
柯利达,2016-12-31,1.15亿,480万,2211万,8764万,16.4亿
大东方,2018-12-31,8.99亿,3538万,4.00亿,4.63亿,91.5亿
大东方,2017-12-31,8.08亿,2621万,3.58亿,4.24亿,91.7亿
大东方,2016-12-31,8.06亿,3429万,3.34亿,4.37亿,90.7亿
卓胜微,2018-12-31,3967万,-1525万,2714万,2778万,5.60亿
卓胜微,2017-12-31,6897万,795万,3782万,2320万,5.92亿
卓胜微,2016-12-31,8082万,-265万,3069万,5278万,3.85亿
通鼎互联,2018-12-31,6.19亿,2.10亿,2.28亿,1.80亿,44.5亿
通鼎互联,2017-12-31,4.74亿,1.22亿,1.91亿,1.61亿,42.3亿
通鼎互联,2016-12-31,5.86亿,1.10亿,1.70亿,3.06亿,41.4亿
苏农银行,2018-12-31,--,--,--,--,31.5亿
苏农银行,2017-12-31,--,--,--,--,27.3亿
苏农银行,2016-12-31,--,--,--,--,23.1亿
雅克科技,2018-12-31,2.48亿,-135万,8141万,1.68亿,15.5亿
雅克科技,2017-12-31,1.54亿,130万,5745万,9534万,11.3亿
雅克科技,2016-12-31,1.44亿,-1586万,4056万,1.19亿,8.94亿
润邦股份,2018-12-31,2.18亿,1197万,5877万,1.47亿,19.6亿
润邦股份,2017-12-31,2.29亿,3126万,5414万,1.44亿,18.4亿
润邦股份,2016-12-31,4.08亿,996万,6248万,3.35亿,28.2亿
电工合金,2018-12-31,6115万,1428万,1453万,3235万,14.1亿
电工合金,2017-12-31,6197万,1713万,1504万,2980万,13.1亿
电工合金,2016-12-31,7796万,2202万,1518万,4077万,10.6亿
海陆重工,2018-12-31,1.76亿,3448万,3277万,1.09亿,22.8亿
海陆重工,2017-12-31,1.23亿,-56.2万,2728万,9614万,11.7亿
海陆重工,2016-12-31,1.51亿,-12.7万,1941万,1.32亿,10.7亿
招商南油,2018-12-31,2.69亿,1.41亿,2094万,1.07亿,33.8亿
招商南油,2017-12-31,3.37亿,2.28亿,2244万,8676万,37.3亿
招商南油,2016-12-31,4.77亿,3.66亿,2180万,8898万,57.8亿
赛腾股份,2018-12-31,2.21亿,1471万,1.28亿,7825万,9.04亿
赛腾股份,2017-12-31,1.56亿,1824万,8683万,5053万,6.83亿
赛腾股份,2016-12-31,1.40亿,-1060万,4541万,1.05亿,4.03亿
中利集团,2018-12-31,18.6亿,7.52亿,6.01亿,5.07亿,167亿
中利集团,2017-12-31,18.5亿,8.42亿,5.15亿,4.92亿,194亿
中利集团,2016-12-31,20.1亿,5.25亿,4.91亿,9.89亿,113亿
华宏科技,2018-12-31,1.54亿,-656万,7970万,8089万,19.2亿
华宏科技,2017-12-31,1.18亿,85.3万,4818万,6910万,13.0亿
华宏科技,2016-12-31,1.28亿,-324万,3685万,9453万,10.1亿
苏州科达,2018-12-31,6.31亿,-61.3万,5.21亿,1.11亿,24.5亿
苏州科达,2017-12-31,4.92亿,-230万,4.11亿,8295万,18.3亿
苏州科达,2016-12-31,8.10亿,606万,3.34亿,4.70亿,14.5亿
晨化股份,2018-12-31,8029万,-62.6万,4336万,3755万,7.87亿
晨化股份,2017-12-31,7527万,-53.7万,4527万,3054万,7.03亿
晨化股份,2016-12-31,8528万,-250万,4283万,4495万,5.86亿
江阴银行,2018-12-31,--,--,--,--,31.9亿
江阴银行,2017-12-31,--,--,--,--,25.1亿
江阴银行,2016-12-31,--,--,--,--,24.7亿
药石科技,2018-12-31,7661万,-417万,2068万,6010万,4.78亿
药石科技,2017-12-31,6518万,351万,1764万,4403万,2.73亿
药石科技,2016-12-31,7893万,-336万,1172万,7057万,1.88亿
金通灵,2018-12-31,2.38亿,5382万,6759万,1.17亿,19.5亿
金通灵,2017-12-31,1.79亿,4679万,4949万,8316万,14.6亿
金通灵,2016-12-31,1.88亿,4541万,4552万,9666万,9.46亿
怡达股份,2018-12-31,8989万,1264万,5211万,2514万,11.3亿
怡达股份,2017-12-31,1.01亿,1444万,6042万,2629万,12.1亿
怡达股份,2016-12-31,1.18亿,1459万,5611万,4711万,10.0亿
传艺科技,2018-12-31,9212万,-933万,5086万,5059万,11.4亿
传艺科技,2017-12-31,5180万,1201万,1705万,2273万,6.69亿
传艺科技,2016-12-31,5182万,-1385万,3482万,3086万,5.82亿
国旅联合,2018-12-31,7000万,652万,172万,6175万,2.75亿
国旅联合,2017-12-31,1.10亿,667万,4095万,6215万,2.88亿
国旅联合,2016-12-31,1.35亿,1768万,5420万,6358万,1.17亿
建研院,2018-12-31,1.23亿,-66.8万,4325万,8020万,4.95亿
建研院,2017-12-31,1.09亿,-21.0万,4283万,6671万,4.44亿
建研院,2016-12-31,1.12亿,-10.1万,3654万,7580万,3.92亿
赛摩电气,2018-12-31,1.49亿,755万,7896万,6246万,4.30亿
赛摩电气,2017-12-31,1.12亿,602万,6651万,3953万,4.56亿
赛摩电气,2016-12-31,9336万,57.8万,4855万,4423万,3.31亿
天奇股份,2018-12-31,4.11亿,5789万,1.17亿,2.36亿,35.0亿
天奇股份,2017-12-31,3.92亿,5473万,1.07亿,2.30亿,24.6亿
天奇股份,2016-12-31,4.02亿,2976万,1.08亿,2.65亿,24.4亿
亚振家居,2018-12-31,2.83亿,-189万,1.78亿,1.06亿,4.17亿
亚振家居,2017-12-31,2.27亿,-194万,1.40亿,8948万,5.73亿
亚振家居,2016-12-31,2.36亿,76.2万,1.32亿,1.03亿,5.62亿
精华制药,2018-12-31,2.88亿,310万,1.69亿,1.16亿,13.5亿
精华制药,2017-12-31,2.37亿,246万,1.41亿,9391万,11.2亿
精华制药,2016-12-31,2.41亿,-1076万,1.16亿,1.36亿,8.81亿
综艺股份,2018-12-31,1.84亿,776万,2115万,1.55亿,4.72亿
综艺股份,2017-12-31,2.51亿,4604万,3152万,1.73亿,7.53亿
综艺股份,2016-12-31,2.99亿,2806万,4628万,2.25亿,9.21亿
华昌化工,2018-12-31,4.24亿,6850万,1.92亿,1.64亿,58.1亿
华昌化工,2017-12-31,4.19亿,8506万,1.85亿,1.49亿,53.2亿
华昌化工,2016-12-31,4.01亿,1.04亿,1.48亿,1.49亿,40.2亿
东吴证券,2018-12-31,--,--,--,--,41.6亿
东吴证券,2017-12-31,--,--,--,--,41.4亿
东吴证券,2016-12-31,--,--,--,--,46.5亿
无锡银行,2018-12-31,--,--,--,--,31.9亿
无锡银行,2017-12-31,--,--,--,--,28.5亿
无锡银行,2016-12-31,--,--,--,--,25.2亿
江苏国信,2018-12-31,13.0亿,7.66亿,205万,5.32亿,221亿
江苏国信,2017-12-31,11.7亿,6.66亿,150万,4.99亿,202亿
江苏国信,2016-12-31,14.9亿,8.89亿,329万,5.95亿,168亿
华脉科技,2018-12-31,2.16亿,1183万,1.28亿,7647万,10.3亿
华脉科技,2017-12-31,1.66亿,314万,1.13亿,5028万,11.2亿
华脉科技,2016-12-31,2.07亿,819万,1.21亿,7808万,9.98亿
东方电热,2018-12-31,1.93亿,900万,8558万,9830万,22.4亿
东方电热,2017-12-31,1.66亿,845万,7509万,8222万,17.3亿
东方电热,2016-12-31,1.29亿,-404万,4186万,9123万,9.30亿
今创集团,2018-12-31,5.37亿,6437万,2.00亿,2.73亿,32.3亿
今创集团,2017-12-31,3.95亿,6714万,1.52亿,1.77亿,29.3亿
今创集团,2016-12-31,3.88亿,1652万,1.19亿,2.53亿,25.7亿
红 宝 丽,2018-12-31,2.56亿,3445万,9204万,1.29亿,24.7亿
红 宝 丽,2017-12-31,2.39亿,2785万,8893万,1.22亿,21.7亿
红 宝 丽,2016-12-31,2.41亿,534万,9109万,1.44亿,18.3亿
兴业股份,2018-12-31,1.13亿,420万,6253万,4591万,15.0亿
兴业股份,2017-12-31,8434万,-230万,5229万,3435万,12.8亿
兴业股份,2016-12-31,1.11亿,39.5万,4600万,6436万,8.21亿
宏盛股份,2018-12-31,5039万,-559万,2378万,3221万,4.15亿
宏盛股份,2017-12-31,4937万,451万,2024万,2461万,3.68亿
宏盛股份,2016-12-31,3384万,-867万,1279万,2971万,2.30亿
如通股份,2018-12-31,3616万,-549万,1974万,2192万,2.41亿
如通股份,2017-12-31,3176万,-242万,1500万,1918万,1.97亿
如通股份,2016-12-31,4153万,-761万,1928万,2986万,2.13亿
亚星客车,2018-12-31,2.82亿,9293万,1.37亿,5192万,24.6亿
亚星客车,2017-12-31,2.81亿,7047万,1.63亿,4757万,23.9亿
亚星客车,2016-12-31,3.66亿,5026万,1.92亿,1.23亿,34.0亿
南京新百,2018-12-31,38.0亿,2.25亿,23.2亿,12.5亿,145亿
南京新百,2017-12-31,56.5亿,3.05亿,38.9亿,14.5亿,191亿
南京新百,2016-12-31,52.4亿,2.77亿,38.3亿,11.4亿,170亿
中衡设计,2018-12-31,1.38亿,-54.0万,--,1.39亿,18.7亿
中衡设计,2017-12-31,1.21亿,-106万,--,1.22亿,14.5亿
中衡设计,2016-12-31,1.16亿,630万,--,1.10亿,9.12亿
金陵药业,2018-12-31,4.34亿,-204万,1.64亿,2.72亿,29.0亿
金陵药业,2017-12-31,4.46亿,474万,1.66亿,2.75亿,31.9亿
金陵药业,2016-12-31,4.47亿,202万,1.32亿,3.14亿,35.8亿
三六五网,2018-12-31,3.26亿,2767万,2.25亿,7365万,5.09亿
三六五网,2017-12-31,2.92亿,239万,2.14亿,7579万,4.73亿
三六五网,2016-12-31,4.52亿,-431万,3.45亿,1.12亿,5.98亿
航天晨光,2018-12-31,4.42亿,330万,2.19亿,2.19亿,26.3亿
航天晨光,2017-12-31,4.77亿,2197万,2.07亿,2.48亿,26.4亿
航天晨光,2016-12-31,6.04亿,1250万,2.31亿,3.61亿,31.8亿
科华控股,2018-12-31,1.43亿,2961万,5435万,5948万,13.8亿
科华控股,2017-12-31,1.06亿,2923万,2240万,5439万,9.17亿
科华控股,2016-12-31,1.28亿,946万,1445万,1.04亿,7.35亿
海达股份,2018-12-31,2.00亿,1933万,1.29亿,5223万,21.3亿
海达股份,2017-12-31,1.41亿,807万,9131万,4138万,12.9亿
海达股份,2016-12-31,1.32亿,-30.3万,5907万,7322万,8.56亿
南卫股份,2018-12-31,4436万,-729万,1367万,3798万,4.80亿
南卫股份,2017-12-31,5597万,1016万,1319万,3261万,4.89亿
南卫股份,2016-12-31,6528万,347万,790万,5391万,4.44亿
苏大维格,2018-12-31,1.33亿,849万,6244万,6252万,11.4亿
苏大维格,2017-12-31,1.12亿,1161万,5084万,4955万,9.44亿
苏大维格,2016-12-31,9575万,2.79万,2355万,7217万,4.16亿
中电环保,2018-12-31,9836万,538万,2023万,7274万,7.98亿
中电环保,2017-12-31,6689万,156万,1774万,4759万,6.80亿
中电环保,2016-12-31,8343万,-760万,2031万,7071万,6.48亿
电科院,2018-12-31,1.44亿,5433万,539万,8475万,7.09亿
电科院,2017-12-31,1.29亿,4490万,642万,7757万,6.43亿
电科院,2016-12-31,1.90亿,5259万,406万,1.34亿,5.53亿
精研科技,2018-12-31,9736万,-278万,2298万,7716万,8.82亿
精研科技,2017-12-31,1.09亿,1844万,2596万,6460万,9.22亿
精研科技,2016-12-31,1.41亿,-727万,2736万,1.21亿,7.09亿
飞力达,2018-12-31,2.54亿,2130万,4017万,1.93亿,32.0亿
飞力达,2017-12-31,2.67亿,3649万,3939万,1.91亿,30.7亿
飞力达,2016-12-31,3.10亿,-863万,4584万,2.73亿,23.8亿
华东科技,2018-12-31,14.0亿,9.89亿,1.16亿,2.99亿,57.0亿
华东科技,2017-12-31,2.44亿,-1.33亿,1.01亿,2.76亿,59.9亿
华东科技,2016-12-31,6.13亿,6237万,5218万,4.99亿,15.8亿
中简科技,2018-12-31,4511万,220万,293万,3998万,2.13亿
中简科技,2017-12-31,2739万,-18.2万,167万,2590万,1.69亿
中简科技,2016-12-31,2547万,59.8万,135万,2352万,1.50亿
金陵饭店,2018-12-31,4.64亿,1540万,2.14亿,2.35亿,10.4亿
金陵饭店,2017-12-31,4.35亿,1638万,1.96亿,2.23亿,9.38亿
金陵饭店,2016-12-31,4.22亿,2782万,1.79亿,2.15亿,8.35亿
澳洋健康,2018-12-31,3.96亿,6870万,1.12亿,2.15亿,47.1亿
澳洋健康,2017-12-31,4.03亿,4473万,1.33亿,2.26亿,53.7亿
澳洋健康,2016-12-31,3.72亿,5654万,1.26亿,1.89亿,48.8亿
基蛋生物,2018-12-31,2.03亿,-377万,1.52亿,5494万,6.86亿
基蛋生物,2017-12-31,1.38亿,-149万,1.02亿,3771万,4.89亿
基蛋生物,2016-12-31,1.43亿,-36.5万,7478万,6858万,3.69亿
华信新材,2018-12-31,2422万,-287万,1317万,1392万,3.07亿
华信新材,2017-12-31,2473万,237万,1146万,1089万,2.84亿
华信新材,2016-12-31,3020万,-76.0万,1095万,2001万,2.28亿
百川股份,2018-12-31,1.27亿,2522万,7589万,2605万,30.3亿
百川股份,2017-12-31,1.52亿,3911万,7686万,3624万,24.6亿
百川股份,2016-12-31,1.95亿,2571万,7787万,9096万,20.5亿
宏图高科,2018-12-31,11.7亿,3.63亿,5.12亿,2.94亿,140亿
宏图高科,2017-12-31,13.1亿,3.92亿,5.81亿,3.34亿,190亿
宏图高科,2016-12-31,12.2亿,3.51亿,5.42亿,3.32亿,205亿
哈工智能,2018-12-31,3.43亿,2466万,1.84亿,1.34亿,23.8亿
哈工智能,2017-12-31,2.14亿,1158万,7993万,1.22亿,15.7亿
哈工智能,2016-12-31,1.35亿,-853万,2113万,1.23亿,7.34亿
亚普股份,2018-12-31,5.10亿,6960万,1.59亿,2.81亿,78.5亿
亚普股份,2017-12-31,4.42亿,5648万,1.21亿,2.64亿,70.8亿
亚普股份,2016-12-31,5.74亿,4189万,9935万,4.32亿,65.6亿
正丹股份,2018-12-31,5516万,430万,2433万,2653万,12.1亿
正丹股份,2017-12-31,6418万,1409万,2382万,2627万,11.7亿
正丹股份,2016-12-31,8076万,27.6万,2381万,5667万,9.89亿
协鑫能科,2018-12-31,2291万,-115万,212万,2195万,4.72亿
协鑫能科,2017-12-31,2097万,16.5万,191万,1889万,4.10亿
协鑫能科,2016-12-31,3692万,-39.7万,261万,3470万,3.80亿
海鸥股份,2018-12-31,1.02亿,235万,5445万,4552万,6.04亿
海鸥股份,2017-12-31,9861万,382万,4861万,4618万,5.65亿
海鸥股份,2016-12-31,1.11亿,502万,4428万,6168万,5.39亿
石英股份,2018-12-31,6982万,-479万,2177万,5284万,6.33亿
石英股份,2017-12-31,7556万,288万,2193万,5076万,5.63亿
石英股份,2016-12-31,7316万,-374万,1778万,5912万,4.47亿
江山股份,2018-12-31,2.46亿,-667万,5929万,1.93亿,39.2亿
江山股份,2017-12-31,2.74亿,6400万,6869万,1.41亿,36.4亿
江山股份,2016-12-31,2.26亿,2145万,5881万,1.46亿,47.5亿
瑞特股份,2018-12-31,9592万,-541万,2539万,7594万,4.89亿
瑞特股份,2017-12-31,6397万,-426万,2322万,4502万,4.15亿
瑞特股份,2016-12-31,7926万,-273万,1861万,6338万,3.68亿
南京公用,2018-12-31,5.56亿,3245万,3.65亿,1.59亿,35.1亿
南京公用,2017-12-31,5.48亿,2720万,3.64亿,1.57亿,36.1亿
南京公用,2016-12-31,5.91亿,2758万,3.77亿,1.86亿,39.0亿
中电电机,2018-12-31,6146万,-260万,3584万,2821万,4.29亿
中电电机,2017-12-31,4782万,332万,2038万,2412万,3.08亿
中电电机,2016-12-31,4947万,-458万,1671万,3733万,2.34亿
广信材料,2018-12-31,1.33亿,517万,5930万,6837万,6.39亿
广信材料,2017-12-31,8915万,19.4万,4982万,3913万,4.49亿
广信材料,2016-12-31,6262万,-22.4万,3693万,2591万,2.71亿
大千生态,2018-12-31,7029万,280万,9.98万,6739万,8.02亿
大千生态,2017-12-31,6161万,-219万,48.3万,6332万,6.78亿
大千生态,2016-12-31,5399万,-368万,31.8万,5735万,5.98亿
苏美达,2018-12-31,27.0亿,4.24亿,13.8亿,8.96亿,820亿
苏美达,2017-12-31,24.4亿,4.71亿,11.9亿,7.79亿,741亿
苏美达,2016-12-31,20.3亿,1.17亿,10.6亿,8.58亿,502亿
新城控股,2018-12-31,53.8亿,8.42亿,22.7亿,22.7亿,541亿
新城控股,2017-12-31,42.1亿,4.47亿,17.8亿,19.8亿,405亿
新城控股,2016-12-31,25.7亿,2.72亿,10.3亿,12.7亿,280亿
江海股份,2018-12-31,1.68亿,-1282万,7309万,1.08亿,19.6亿
江海股份,2017-12-31,1.54亿,1714万,6188万,7522万,16.7亿
江海股份,2016-12-31,1.59亿,-2056万,4871万,1.31亿,12.2亿
林洋能源,2018-12-31,6.04亿,2.54亿,1.32亿,2.19亿,40.2亿
林洋能源,2017-12-31,4.58亿,1.15亿,1.19亿,2.23亿,35.9亿
林洋能源,2016-12-31,4.36亿,2833万,1.18亿,2.89亿,31.4亿
亚星锚链,2018-12-31,1.57亿,-1711万,8317万,9069万,10.4亿
亚星锚链,2017-12-31,1.96亿,1619万,8747万,9187万,10.2亿
亚星锚链,2016-12-31,2.00亿,-5421万,1.10亿,1.44亿,10.2亿
恩华药业,2018-12-31,13.3亿,-1545万,11.9亿,1.52亿,38.6亿
恩华药业,2017-12-31,10.6亿,-622万,9.41亿,1.21亿,33.9亿
恩华药业,2016-12-31,9.89亿,-172万,8.16亿,1.75亿,30.2亿
奥特佳,2018-12-31,5.57亿,2577万,1.80亿,3.51亿,40.9亿
奥特佳,2017-12-31,6.26亿,5393万,2.19亿,3.53亿,51.8亿
奥特佳,2016-12-31,7.17亿,2683万,1.96亿,4.94亿,52.3亿
维维股份,2018-12-31,10.2亿,2.02亿,5.02亿,3.18亿,50.3亿
维维股份,2017-12-31,9.85亿,1.75亿,4.95亿,3.16亿,46.5亿
维维股份,2016-12-31,10.9亿,1.81亿,5.62亿,3.49亿,44.6亿
模塑科技,2018-12-31,9.87亿,9084万,1.71亿,7.25亿,49.7亿
模塑科技,2017-12-31,7.38亿,8715万,1.24亿,5.27亿,43.4亿
模塑科技,2016-12-31,7.19亿,6613万,1.25亿,5.28亿,40.3亿
健友股份,2018-12-31,2.85亿,-31.3万,2.48亿,3742万,17.0亿
健友股份,2017-12-31,8841万,-434万,4697万,4578万,11.1亿
健友股份,2016-12-31,9520万,41.1万,996万,8483万,5.82亿
博信股份,2018-12-31,3700万,190万,1401万,2109万,15.7亿
博信股份,2017-12-31,1329万,-2.87万,3.98万,1328万,8774万
博信股份,2016-12-31,1246万,-3.93万,--,1250万,9145万
林海股份,2018-12-31,5035万,-340万,1134万,4241万,5.26亿
林海股份,2017-12-31,4490万,-298万,1045万,3743万,4.52亿
林海股份,2016-12-31,4961万,-460万,1347万,4074万,4.63亿
宝色股份,2018-12-31,9257万,1335万,2867万,5055万,7.14亿
宝色股份,2017-12-31,8878万,1396万,2390万,5092万,4.40亿
宝色股份,2016-12-31,1.17亿,1746万,1938万,8001万,2.53亿
东珠生态,2018-12-31,5515万,-481万,--,5995万,15.9亿
东珠生态,2017-12-31,5603万,-84.7万,--,5688万,12.2亿
东珠生态,2016-12-31,5136万,345万,--,4792万,9.80亿
康尼机电,2018-12-31,4.81亿,1868万,1.86亿,2.77亿,34.2亿
康尼机电,2017-12-31,3.61亿,2031万,1.51亿,1.90亿,24.2亿
康尼机电,2016-12-31,4.80亿,773万,1.30亿,3.43亿,20.1亿
常铝股份,2018-12-31,4.38亿,1.20亿,2.14亿,1.04亿,41.4亿
常铝股份,2017-12-31,4.03亿,6958万,2.37亿,9723万,40.6亿
常铝股份,2016-12-31,4.45亿,7393万,1.60亿,2.10亿,32.9亿
通润装备,2018-12-31,1.38亿,-1692万,5248万,1.03亿,13.5亿
通润装备,2017-12-31,1.74亿,1765万,4909万,1.08亿,12.2亿
通润装备,2016-12-31,1.19亿,-1396万,4736万,8604万,10.4亿
威尔药业,2018-12-31,9887万,605万,3104万,6178万,8.01亿
威尔药业,2017-12-31,9282万,527万,2831万,5925万,6.94亿
威尔药业,2016-12-31,1.21亿,387万,2061万,9625万,5.58亿
锦泓集团,2018-12-31,16.6亿,2.30亿,12.7亿,1.64亿,30.9亿
锦泓集团,2017-12-31,13.6亿,2.17亿,10.0亿,1.36亿,25.6亿
锦泓集团,2016-12-31,4.07亿,-572万,3.08亿,1.04亿,7.44亿
莱绅通灵,2018-12-31,6.46亿,359万,4.84亿,1.59亿,16.6亿
莱绅通灵,2017-12-31,6.36亿,-13.6万,4.88亿,1.49亿,19.6亿
莱绅通灵,2016-12-31,5.48亿,936万,4.08亿,1.31亿,16.5亿
道森股份,2018-12-31,1.11亿,154万,6107万,4886万,11.7亿
道森股份,2017-12-31,1.04亿,1654万,5008万,3693万,8.30亿
道森股份,2016-12-31,9952万,-476万,3609万,6819万,4.17亿
江苏国泰,2018-12-31,29.6亿,2.91亿,19.0亿,7.67亿,369亿
江苏国泰,2017-12-31,25.4亿,1.39亿,16.4亿,7.60亿,345亿
江苏国泰,2016-12-31,20.9亿,-2363万,14.8亿,6.34亿,297亿
华光股份,2018-12-31,5.54亿,-783万,1.38亿,4.24亿,74.5亿
华光股份,2017-12-31,4.95亿,-896万,1.19亿,3.85亿,58.5亿
华光股份,2016-12-31,5.87亿,-1054万,9396万,5.03亿,46.9亿
凤凰股份,2018-12-31,2.07亿,1.21亿,4677万,3878万,10.5亿
凤凰股份,2017-12-31,2.30亿,1.55亿,3496万,4020万,13.4亿
凤凰股份,2016-12-31,2.54亿,1.79亿,4267万,3306万,18.2亿
苏交科,2018-12-31,9.59亿,1.16亿,1.48亿,6.95亿,70.3亿
苏交科,2017-12-31,8.79亿,8888万,1.49亿,6.41亿,65.2亿
苏交科,2016-12-31,6.75亿,3764万,1.02亿,5.36亿,42.0亿
江苏新能,2018-12-31,2.07亿,1.24亿,--,8284万,14.7亿
江苏新能,2017-12-31,2.02亿,1.22亿,--,8011万,14.2亿
江苏新能,2016-12-31,1.61亿,8741万,--,7404万,11.5亿
康力电梯,2018-12-31,5.72亿,47.6万,4.34亿,1.37亿,30.9亿
康力电梯,2017-12-31,5.69亿,3.67万,4.33亿,1.36亿,32.8亿
康力电梯,2016-12-31,6.99亿,86.2万,4.31亿,2.67亿,33.1亿
南 京 港,2018-12-31,1.72亿,6140万,--,1.10亿,7.18亿
南 京 港,2017-12-31,1.81亿,6626万,--,1.14亿,6.78亿
南 京 港,2016-12-31,7267万,1962万,--,5306万,2.23亿
双良节能,2018-12-31,3.40亿,-52.3万,2.17亿,1.23亿,25.1亿
双良节能,2017-12-31,3.79亿,4206万,2.01亿,1.37亿,17.2亿
双良节能,2016-12-31,5.13亿,6128万,2.11亿,2.41亿,20.1亿
南方轴承,2018-12-31,5102万,-169万,2184万,3087万,3.93亿
南方轴承,2017-12-31,5102万,184万,1887万,3031万,3.89亿
南方轴承,2016-12-31,4949万,-363万,1605万,3707万,3.20亿
中天科技,2018-12-31,15.3亿,3894万,10.1亿,4.86亿,339亿
中天科技,2017-12-31,15.2亿,1.84亿,8.81亿,4.55亿,271亿
中天科技,2016-12-31,18.9亿,5152万,7.73亿,10.6亿,211亿
中央商场,2018-12-31,15.3亿,4.56亿,4.51亿,6.27亿,82.5亿
中央商场,2017-12-31,11.3亿,2.36亿,3.97亿,4.93亿,84.5亿
中央商场,2016-12-31,9.99亿,1.77亿,3.48亿,4.74亿,64.3亿
南京医药,2018-12-31,15.4亿,3.48亿,8.24亿,3.71亿,313亿
南京医药,2017-12-31,14.1亿,2.89亿,7.67亿,3.50亿,288亿
南京医药,2016-12-31,11.6亿,2.18亿,5.75亿,3.71亿,267亿
吉鑫科技,2018-12-31,1.22亿,2079万,4234万,5912万,12.7亿
吉鑫科技,2017-12-31,1.22亿,3378万,4338万,4458万,13.5亿
吉鑫科技,2016-12-31,1.75亿,1419万,5038万,1.11亿,15.6亿
丽岛新材,2018-12-31,4316万,-681万,2233万,2765万,13.0亿
丽岛新材,2017-12-31,5700万,330万,2204万,3166万,12.4亿
丽岛新材,2016-12-31,6142万,-105万,2045万,4202万,11.3亿
美思德,2018-12-31,2796万,-184万,1453万,1527万,3.05亿
美思德,2017-12-31,3242万,216万,1580万,1446万,3.01亿
美思德,2016-12-31,3889万,-138万,1312万,2715万,2.82亿
启迪设计,2018-12-31,1.42亿,1563万,2952万,9728万,10.9亿
启迪设计,2017-12-31,7790万,-393万,1120万,7064万,5.08亿
启迪设计,2016-12-31,8164万,-445万,551万,8057万,3.92亿
千红制药,2018-12-31,3.12亿,-1.21亿,3.21亿,1.13亿,13.2亿
千红制药,2017-12-31,2.59亿,-8913万,2.48亿,9959万,10.7亿
千红制药,2016-12-31,2.29亿,-1.05亿,2.16亿,1.19亿,7.76亿
南京化纤,2018-12-31,1.76亿,-393万,717万,1.72亿,9.91亿
南京化纤,2017-12-31,1.65亿,512万,1455万,1.45亿,16.1亿
南京化纤,2016-12-31,1.36亿,-410万,1588万,1.24亿,16.6亿
腾龙股份,2018-12-31,1.10亿,833万,3866万,6278万,10.2亿
腾龙股份,2017-12-31,9409万,208万,3190万,6011万,9.04亿
腾龙股份,2016-12-31,1.14亿,-477万,2926万,8927万,7.75亿
佳力图,2018-12-31,8184万,-87.0万,6022万,2249万,5.35亿
佳力图,2017-12-31,7510万,-101万,5916万,1696万,4.60亿
佳力图,2016-12-31,9430万,241万,5631万,3558万,4.20亿
联发股份,2018-12-31,3.10亿,986万,1.56亿,1.44亿,41.7亿
联发股份,2017-12-31,3.81亿,9241万,1.54亿,1.35亿,40.0亿
联发股份,2016-12-31,3.70亿,3645万,1.61亿,1.72亿,37.4亿
江化微,2018-12-31,5626万,-160万,3193万,2593万,3.84亿
江化微,2017-12-31,4985万,106万,2554万,2325万,3.54亿
江化微,2016-12-31,6136万,148万,2381万,3606万,3.33亿
旷达科技,2018-12-31,1.81亿,-473万,4373万,1.42亿,17.7亿
旷达科技,2017-12-31,2.86亿,9161万,4825万,1.46亿,23.2亿
旷达科技,2016-12-31,4.09亿,1.44亿,5438万,2.11亿,23.0亿
江苏雷利,2018-12-31,1.85亿,-2340万,7159万,1.36亿,22.5亿
江苏雷利,2017-12-31,1.89亿,2827万,6250万,9851万,20.2亿
江苏雷利,2016-12-31,1.95亿,-1610万,4935万,1.61亿,16.2亿
四环生物,2018-12-31,3.04亿,274万,2.20亿,8116万,3.96亿
四环生物,2017-12-31,2.41亿,187万,1.68亿,7124万,3.46亿
四环生物,2016-12-31,2.02亿,1332万,1.06亿,8310万,3.27亿
法兰泰克,2018-12-31,8320万,-869万,5011万,4178万,7.64亿
法兰泰克,2017-12-31,6623万,-20.0万,3858万,2786万,6.37亿
法兰泰克,2016-12-31,6790万,-159万,3359万,3591万,5.41亿
鱼跃医疗,2018-12-31,7.53亿,-3042万,5.37亿,2.47亿,41.8亿
鱼跃医疗,2017-12-31,6.32亿,1184万,4.00亿,2.20亿,35.4亿
鱼跃医疗,2016-12-31,4.62亿,-1780万,2.03亿,2.77亿,26.4亿
江苏索普,2018-12-31,3419万,76.9万,1340万,2002万,4.74亿
江苏索普,2017-12-31,5448万,119万,1914万,3415万,7.77亿
江苏索普,2016-12-31,3966万,-105万,1610万,2460万,6.23亿
南京聚隆,2018-12-31,8159万,543万,3907万,3708万,10.2亿
南京聚隆,2017-12-31,7844万,638万,3762万,3443万,10.2亿
南京聚隆,2016-12-31,1.28亿,616万,4146万,7988万,9.03亿
苏垦农发,2018-12-31,4.91亿,-103万,1.67亿,3.25亿,48.8亿
苏垦农发,2017-12-31,4.27亿,-400万,1.41亿,2.89亿,43.2亿
苏垦农发,2016-12-31,4.66亿,1331万,1.44亿,3.09亿,40.8亿
怡球资源,2018-12-31,3.98亿,1.18亿,5774万,2.23亿,63.0亿
怡球资源,2017-12-31,2.70亿,-1287万,5406万,2.29亿,53.8亿
怡球资源,2016-12-31,2.87亿,8219万,3559万,1.69亿,37.7亿
三超新材,2018-12-31,2922万,-179万,1040万,2061万,3.33亿
三超新材,2017-12-31,2564万,-113万,973万,1704万,2.84亿
三超新材,2016-12-31,2993万,61.3万,708万,2223万,1.56亿
三房巷,2018-12-31,2484万,-1511万,1189万,2806万,11.8亿
三房巷,2017-12-31,2115万,-615万,978万,1752万,10.7亿
三房巷,2016-12-31,4034万,-1202万,1051万,4185万,9.77亿
醋化股份,2018-12-31,1.17亿,-782万,4346万,8173万,20.3亿
醋化股份,2017-12-31,1.40亿,1792万,4012万,8158万,16.6亿
醋化股份,2016-12-31,1.13亿,-787万,3308万,8785万,13.3亿
洪汇新材,2018-12-31,3625万,-150万,1224万,2550万,5.18亿
洪汇新材,2017-12-31,3100万,148万,956万,1996万,3.89亿
洪汇新材,2016-12-31,3798万,-150万,974万,2974万,3.15亿
亚太科技,2018-12-31,2.03亿,-1396万,6306万,1.54亿,35.9亿
亚太科技,2017-12-31,2.08亿,571万,5909万,1.43亿,34.1亿
亚太科技,2016-12-31,2.80亿,-449万,4669万,2.38亿,27.1亿
金鸿顺,2018-12-31,7646万,1444万,3505万,2697万,10.7亿
金鸿顺,2017-12-31,9777万,2372万,4119万,3287万,10.4亿
金鸿顺,2016-12-31,1.24亿,2105万,3426万,6853万,9.01亿
宝胜股份,2018-12-31,12.9亿,5.12亿,4.67亿,3.16亿,322亿
宝胜股份,2017-12-31,9.86亿,3.46亿,3.88亿,2.53亿,207亿
宝胜股份,2016-12-31,8.92亿,2.23亿,4.20亿,2.49亿,151亿
南京银行,2018-12-31,--,--,--,--,274亿
南京银行,2017-12-31,--,--,--,--,248亿
南京银行,2016-12-31,--,--,--,--,266亿
云意电气,2018-12-31,6414万,-98.0万,1627万,4885万,6.59亿
云意电气,2017-12-31,5318万,-585万,1420万,4483万,6.42亿
云意电气,2016-12-31,6445万,-1700万,1296万,6849万,5.36亿
云海金属,2018-12-31,3.02亿,9862万,1.04亿,9911万,51.0亿
云海金属,2017-12-31,2.65亿,8677万,1.00亿,7813万,49.3亿
云海金属,2016-12-31,3.72亿,6793万,9341万,2.10亿,40.5亿
日盈电子,2018-12-31,4973万,127万,1465万,3381万,3.56亿
日盈电子,2017-12-31,4905万,298万,1457万,3150万,3.18亿
日盈电子,2016-12-31,6096万,266万,1136万,4695万,2.76亿
东华测试,2018-12-31,4832万,-62.3万,2465万,2429万,1.34亿
东华测试,2017-12-31,5479万,-267万,2272万,3473万,1.29亿
东华测试,2016-12-31,7281万,-105万,2033万,5353万,1.30亿
莱克电气,2018-12-31,6.28亿,-5595万,4.53亿,2.31亿,58.6亿
莱克电气,2017-12-31,7.21亿,1.37亿,3.75亿,2.09亿,57.1亿
莱克电气,2016-12-31,5.75亿,-1.16亿,3.28亿,3.63亿,43.8亿
苏常柴Ａ,2018-12-31,2.42亿,-90.4万,1.27亿,1.16亿,21.3亿
苏常柴Ａ,2017-12-31,2.08亿,-229万,1.02亿,1.08亿,24.2亿
苏常柴Ａ,2016-12-31,3.00亿,-1154万,1.04亿,2.08亿,22.8亿
银邦股份,2018-12-31,1.53亿,4594万,4378万,6347万,19.3亿
银邦股份,2017-12-31,1.95亿,3958万,4470万,1.11亿,19.9亿
银邦股份,2016-12-31,1.59亿,2603万,4047万,9204万,15.6亿
扬农化工,2018-12-31,1.98亿,-5416万,6671万,1.85亿,52.9亿
扬农化工,2017-12-31,3.01亿,7836万,5633万,1.66亿,44.4亿
扬农化工,2016-12-31,2.54亿,-5089万,3585万,2.69亿,29.3亿
常宝股份,2018-12-31,3.24亿,-3493万,1.45亿,2.14亿,53.8亿
常宝股份,2017-12-31,2.37亿,738万,1.11亿,1.19亿,34.9亿
常宝股份,2016-12-31,2.49亿,-1118万,8646万,1.74亿,22.1亿
丰山集团,2018-12-31,1.48亿,363万,7352万,7051万,13.2亿
丰山集团,2017-12-31,1.40亿,1371万,7690万,4925万,12.6亿
丰山集团,2016-12-31,1.18亿,164万,7135万,4474万,10.2亿
天泽信息,2018-12-31,1.69亿,-364万,5500万,1.18亿,8.96亿
天泽信息,2017-12-31,1.63亿,166万,4872万,1.12亿,9.95亿
天泽信息,2016-12-31,1.53亿,-1471万,4127万,1.26亿,7.24亿
东方盛虹,2018-12-31,5.02亿,1.88亿,1.74亿,1.39亿,184亿
东方盛虹,2017-12-31,5.28亿,2.22亿,1.54亿,1.52亿,163亿
东方盛虹,2016-12-31,1.12亿,-262万,1541万,9954万,7.93亿
中航高科,2018-12-31,3.15亿,27.7万,6348万,2.52亿,26.5亿
中航高科,2017-12-31,4.13亿,681万,4818万,3.58亿,30.4亿
中航高科,2016-12-31,3.72亿,221万,5018万,3.19亿,29.1亿
联环药业,2018-12-31,5.53亿,-409万,4.83亿,7437万,10.2亿
联环药业,2017-12-31,3.54亿,-153万,3.01亿,5431万,6.89亿
联环药业,2016-12-31,2.68亿,-564万,2.07亿,6713万,6.05亿
新宁物流,2018-12-31,2.89亿,3469万,5368万,2.01亿,10.4亿
新宁物流,2017-12-31,2.41亿,1297万,5589万,1.72亿,9.02亿
新宁物流,2016-12-31,2.34亿,774万,6103万,1.65亿,7.59亿
苏宁易购,2018-12-31,325亿,12.3亿,261亿,52.0亿,2450亿
苏宁易购,2017-12-31,246亿,3.06亿,206亿,36.1亿,1879亿
苏宁易购,2016-12-31,218亿,4.16亿,175亿,39.5亿,1486亿
航发控制,2018-12-31,3.19亿,192万,2146万,2.96亿,27.5亿
航发控制,2017-12-31,3.39亿,2583万,1808万,2.95亿,25.5亿
航发控制,2016-12-31,4.59亿,1305万,2182万,4.24亿,25.0亿
大烨智能,2018-12-31,3319万,-1075万,2377万,2017万,3.55亿
大烨智能,2017-12-31,2668万,-469万,1579万,1558万,3.40亿
大烨智能,2016-12-31,4173万,-24.6万,1609万,2589万,3.14亿
江南水务,2018-12-31,1.86亿,-791万,7931万,1.14亿,8.99亿
江南水务,2017-12-31,1.80亿,-1559万,7448万,1.21亿,11.0亿
江南水务,2016-12-31,1.50亿,-1580万,7501万,9048万,11.1亿
今世缘,2018-12-31,7.33亿,-2523万,5.86亿,1.73亿,37.4亿
今世缘,2017-12-31,5.99亿,-1049万,4.28亿,1.81亿,29.6亿
今世缘,2016-12-31,6.43亿,-1845万,4.67亿,1.94亿,25.6亿
精锻科技,2018-12-31,9497万,1440万,3120万,4937万,12.7亿
精锻科技,2017-12-31,1.03亿,1954万,4135万,4234万,11.3亿
精锻科技,2016-12-31,1.28亿,703万,3046万,9085万,8.99亿
恒顺醋业,2018-12-31,3.73亿,917万,2.52亿,1.12亿,16.9亿
恒顺醋业,2017-12-31,3.77亿,845万,2.34亿,1.34亿,15.4亿
恒顺醋业,2016-12-31,3.83亿,598万,2.21亿,1.55亿,14.5亿
利民股份,2018-12-31,2.35亿,2238万,8080万,1.32亿,15.2亿
利民股份,2017-12-31,2.34亿,3396万,8474万,1.15亿,14.2亿
利民股份,2016-12-31,2.23亿,617万,8453万,1.32亿,11.6亿
江南高纤,2018-12-31,2172万,-2115万,1312万,2975万,13.7亿
江南高纤,2017-12-31,3711万,-176万,1133万,2754万,14.3亿
江南高纤,2016-12-31,6462万,-844万,914万,6392万,11.9亿
洛凯股份,2018-12-31,3319万,44.2万,978万,2297万,5.60亿
洛凯股份,2017-12-31,2984万,216万,828万,1940万,4.86亿
洛凯股份,2016-12-31,4378万,154万,768万,3456万,4.43亿
新美星,2018-12-31,1.11亿,-9.95万,5736万,5380万,5.56亿
新美星,2017-12-31,9615万,240万,4969万,4406万,5.00亿
新美星,2016-12-31,1.03亿,-281万,3815万,6732万,4.54亿
中设集团,2018-12-31,4.33亿,1826万,1.65亿,2.50亿,42.0亿
中设集团,2017-12-31,3.77亿,842万,1.51亿,2.18亿,27.8亿
中设集团,2016-12-31,3.56亿,621万,1.17亿,2.33亿,19.9亿
双象股份,2018-12-31,4713万,-542万,1526万,3729万,14.0亿
双象股份,2017-12-31,5007万,688万,1430万,2889万,12.7亿
双象股份,2016-12-31,7028万,-694万,1514万,6209万,10.6亿
世名科技,2018-12-31,4412万,-21.3万,1987万,2446万,3.33亿
世名科技,2017-12-31,4227万,-33.5万,2071万,2189万,2.83亿
世名科技,2016-12-31,5454万,-75.7万,2207万,3323万,2.75亿
江苏银行,2018-12-31,--,--,--,--,352亿
江苏银行,2017-12-31,--,--,--,--,338亿
江苏银行,2016-12-31,--,--,--,--,315亿
凯伦股份,2018-12-31,1.20亿,889万,7854万,3228万,6.19亿
凯伦股份,2017-12-31,7735万,798万,4918万,2019万,3.94亿
凯伦股份,2016-12-31,6707万,409万,3628万,2670万,2.69亿
辉丰股份,2018-12-31,10.2亿,7607万,1.25亿,8.21亿,25.2亿
辉丰股份,2017-12-31,4.85亿,7460万,1.51亿,2.59亿,39.5亿
辉丰股份,2016-12-31,4.95亿,4960万,1.42亿,3.03亿,31.2亿
九鼎新材,2018-12-31,1.92亿,5656万,7277万,6246万,10.7亿
九鼎新材,2017-12-31,2.00亿,6517万,7289万,6205万,9.94亿
九鼎新材,2016-12-31,1.73亿,4241万,5663万,7390万,7.94亿
天银机电,2018-12-31,6114万,731万,1781万,3601万,7.46亿
天银机电,2017-12-31,5062万,494万,1511万,3057万,7.73亿
天银机电,2016-12-31,6106万,-540万,1369万,5278万,6.54亿
*ST保千,2018-12-31,6.48亿,3.65亿,1803万,2.65亿,1.46亿
*ST保千,2017-12-31,7.49亿,2.82亿,1.17亿,3.49亿,28.5亿
*ST保千,2016-12-31,7.40亿,7677万,1.45亿,5.18亿,41.1亿
退市长油,2018-12-31,2.69亿,1.41亿,2094万,1.07亿,33.8亿
退市长油,2017-12-31,3.37亿,2.28亿,2244万,8676万,37.3亿
退市长油,2016-12-31,4.77亿,3.66亿,2180万,8898万,57.8亿
华达科技,2018-12-31,2.58亿,-1160万,1.63亿,1.07亿,40.5亿
华达科技,2017-12-31,2.04亿,-301万,1.24亿,8296万,31.7亿
华达科技,2016-12-31,2.90亿,297万,9974万,1.88亿,27.2亿
视觉中国,2018-12-31,2.21亿,2632万,8071万,1.14亿,9.88亿
视觉中国,2017-12-31,2.06亿,3523万,7154万,9901万,8.15亿
视觉中国,2016-12-31,1.97亿,2295万,6865万,1.06亿,7.35亿
我乐家居,2018-12-31,2.44亿,8.05万,1.85亿,5919万,10.8亿
我乐家居,2017-12-31,1.97亿,9.95万,1.48亿,4966万,9.15亿
我乐家居,2016-12-31,1.47亿,40.0万,8731万,5967万,6.76亿
国电南瑞,2018-12-31,20.5亿,-8903万,15.0亿,6.39亿,285亿
国电南瑞,2017-12-31,20.5亿,9299万,12.8亿,6.81亿,242亿
国电南瑞,2016-12-31,31.4亿,471万,13.2亿,18.1亿,282亿
药明康德,2018-12-31,15.2亿,5621万,3.38亿,11.3亿,96.1亿
药明康德,2017-12-31,14.4亿,1.84亿,2.92亿,9.64亿,77.7亿
药明康德,2016-12-31,11.5亿,-8395万,2.00亿,10.4亿,61.2亿
退市海润,2018-12-31,11.2亿,5.25亿,1163万,5.88亿,8.78亿
退市海润,2017-12-31,9.08亿,4.60亿,9853万,3.50亿,32.6亿
退市海润,2016-12-31,14.3亿,6.59亿,1.63亿,6.10亿,45.2亿
宁沪高速,2018-12-31,7.74亿,5.25亿,3774万,2.12亿,99.7亿
宁沪高速,2017-12-31,6.80亿,4.80亿,1189万,1.88亿,94.6亿
宁沪高速,2016-12-31,7.11亿,5.02亿,2676万,1.82亿,92.0亿
天顺风能,2018-12-31,4.92亿,1.78亿,1.82亿,1.32亿,38.3亿
天顺风能,2017-12-31,4.13亿,1.37亿,1.44亿,1.33亿,32.4亿
天顺风能,2016-12-31,3.36亿,3251万,1.49亿,1.55亿,23.1亿
长生退,2017-12-31,7.37亿,7.46万,5.83亿,1.54亿,15.5亿
长生退,2016-12-31,3.31亿,-1106万,2.31亿,1.11亿,10.2亿
长生退,2015-12-31,2.46亿,6888,1.41亿,1.06亿,7.96亿
*ST科林,2018-12-31,7472万,1684万,--,5788万,8256万
*ST科林,2017-12-31,7318万,-1126万,1188万,7256万,8.86亿
*ST科林,2016-12-31,6714万,-203万,1587万,5331万,3.26亿
中材科技,2018-12-31,14.6亿,3.45亿,4.18亿,6.96亿,114亿
中材科技,2017-12-31,14.1亿,3.56亿,4.47亿,6.09亿,103亿
中材科技,2016-12-31,15.8亿,2.73亿,4.02亿,9.04亿,89.7亿
*ST罗普,2018-12-31,1.44亿,-31.3万,8406万,6059万,11.0亿
*ST罗普,2017-12-31,1.42亿,-75.2万,8353万,5964万,10.3亿
*ST罗普,2016-12-31,1.39亿,-137万,8368万,5636万,9.77亿
中南建设,2018-12-31,37.7亿,4.16亿,9.66亿,23.9亿,401亿
中南建设,2017-12-31,28.3亿,3.42亿,7.24亿,17.7亿,306亿
中南建设,2016-12-31,25.9亿,3.82亿,5.69亿,16.4亿,344亿
亚威股份,2018-12-31,1.78亿,-640万,1.20亿,6412万,15.3亿
亚威股份,2017-12-31,1.53亿,-49.4万,1.01亿,5208万,14.4亿
亚威股份,2016-12-31,1.99亿,-998万,9396万,1.15亿,11.7亿
红豆股份,2018-12-31,4.98亿,726万,3.10亿,1.81亿,24.8亿
红豆股份,2017-12-31,4.55亿,2076万,2.91亿,1.43亿,27.2亿
红豆股份,2016-12-31,4.20亿,4660万,2.46亿,1.28亿,30.4亿
海澜之家,2018-12-31,29.0亿,-380万,18.0亿,11.0亿,191亿
海澜之家,2017-12-31,24.6亿,-1.20亿,15.5亿,10.3亿,182亿
海澜之家,2016-12-31,22.8亿,-1.21亿,14.2亿,9.73亿,170亿
龙蟠科技,2018-12-31,2.76亿,1969万,1.87亿,6976万,15.0亿
龙蟠科技,2017-12-31,2.62亿,1037万,1.90亿,6204万,13.0亿
龙蟠科技,2016-12-31,2.59亿,1144万,1.50亿,9764万,10.4亿
恒瑞医药,2018-12-31,79.7亿,-1.24亿,64.6亿,16.3亿,174亿
恒瑞医药,2017-12-31,63.5亿,-3663万,51.9亿,11.9亿,138亿
恒瑞医药,2016-12-31,64.5亿,-1.66亿,43.5亿,22.7亿,111亿
长江健康,2018-12-31,22.4亿,2687万,20.5亿,1.66亿,46.7亿
长江健康,2017-12-31,8.90亿,1906万,7.77亿,9453万,29.9亿
长江健康,2016-12-31,3.26亿,1389万,1.53亿,1.59亿,21.2亿
天目湖,2018-12-31,1.51亿,612万,7172万,7342万,4.89亿
天目湖,2017-12-31,1.56亿,1762万,6541万,7335万,4.61亿
天目湖,2016-12-31,1.59亿,2849万,5686万,7378万,4.22亿
赛福天,2018-12-31,6825万,696万,1959万,4170万,5.47亿
赛福天,2017-12-31,6444万,519万,2182万,3743万,5.55亿
赛福天,2016-12-31,8980万,243万,2398万,6340万,5.19亿
贝斯特,2018-12-31,8355万,-313万,1855万,6813万,7.45亿
贝斯特,2017-12-31,8104万,568万,1343万,6193万,6.71亿
贝斯特,2016-12-31,9983万,116万,1405万,8462万,5.47亿
维信诺,2018-12-31,15.0亿,7.79亿,5285万,6.65亿,17.8亿
维信诺,2017-12-31,4.48亿,2.31亿,1012万,2.07亿,3173万
维信诺,2016-12-31,1.01亿,1301万,2982万,5790万,1.59亿
埃斯顿,2018-12-31,3.36亿,3939万,1.06亿,1.91亿,14.6亿
埃斯顿,2017-12-31,2.15亿,1502万,7620万,1.24亿,10.8亿
埃斯顿,2016-12-31,1.72亿,477万,5606万,1.11亿,6.78亿
倍加洁,2018-12-31,7845万,-59.0万,4875万,3029万,7.55亿
倍加洁,2017-12-31,6108万,632万,4032万,1444万,6.69亿
倍加洁,2016-12-31,1.03亿,88.9万,4065万,6128万,6.26亿
美尚生态,2018-12-31,2.19亿,9441万,--,1.25亿,23.0亿
美尚生态,2017-12-31,1.57亿,3967万,--,1.18亿,23.0亿
美尚生态,2016-12-31,8380万,58.2万,--,8322万,10.5亿
红 太 阳,2018-12-31,8.35亿,2.16亿,2.44亿,3.74亿,59.1亿
红 太 阳,2017-12-31,7.26亿,1.83亿,2.24亿,3.19亿,50.7亿
红 太 阳,2016-12-31,5.27亿,9929万,1.68亿,2.60亿,35.4亿
罗莱生活,2018-12-31,14.5亿,66.4万,10.7亿,3.79亿,48.1亿
罗莱生活,2017-12-31,14.2亿,2768万,10.1亿,3.87亿,46.6亿
罗莱生活,2016-12-31,10.9亿,-728万,7.86亿,3.07亿,31.5亿
苏博特,2018-12-31,5.10亿,3397万,3.42亿,1.34亿,23.2亿
苏博特,2017-12-31,3.67亿,4261万,2.23亿,1.02亿,16.8亿
苏博特,2016-12-31,4.04亿,4543万,1.94亿,1.64亿,13.1亿
锦鸡股份,2018-12-31,7629万,-6.02万,3987万,3648万,12.0亿
锦鸡股份,2017-12-31,6685万,49.5万,3688万,2947万,10.7亿
锦鸡股份,2016-12-31,6906万,-177万,3199万,3884万,10.0亿
国睿科技,2018-12-31,8582万,-1.77万,2692万,5892万,10.4亿
国睿科技,2017-12-31,9076万,476万,2937万,5664万,11.5亿
国睿科技,2016-12-31,1.65亿,534万,2719万,1.33亿,12.6亿
小天鹅A,2018-12-31,30.0亿,-5.32亿,33.5亿,1.82亿,236亿
小天鹅A,2017-12-31,29.8亿,-7181万,28.7亿,1.78亿,214亿
小天鹅A,2016-12-31,26.8亿,-1.55亿,23.3亿,5.05亿,163亿
蓝丰生化,2018-12-31,4.84亿,6469万,1.51亿,2.68亿,14.8亿
蓝丰生化,2017-12-31,3.91亿,7728万,1.65亿,1.48亿,18.5亿
蓝丰生化,2016-12-31,3.57亿,4627万,1.47亿,1.65亿,14.6亿
洋河股份,2018-12-31,42.0亿,-6514万,25.6亿,17.0亿,242亿
洋河股份,2017-12-31,38.6亿,-3391万,23.9亿,15.1亿,199亿
洋河股份,2016-12-31,34.4亿,-895万,18.7亿,15.8亿,172亿
胜利精密,2018-12-31,11.2亿,3.00亿,4.17亿,4.01亿,174亿
胜利精密,2017-12-31,9.62亿,3.04亿,3.23亿,3.35亿,159亿
胜利精密,2016-12-31,8.92亿,1.19亿,3.10亿,4.63亿,135亿
恒立液压,2018-12-31,2.98亿,-3016万,1.15亿,2.13亿,42.1亿
恒立液压,2017-12-31,3.43亿,8463万,9647万,1.62亿,28.0亿
恒立液压,2016-12-31,2.39亿,-2984万,6894万,2.00亿,13.7亿
国茂股份,2018-12-31,1.34亿,-408万,1.05亿,3255万,17.7亿
国茂股份,2017-12-31,1.23亿,-85.4万,9326万,3055万,14.8亿
国茂股份,2016-12-31,1.16亿,-118万,7737万,3943万,11.5亿
亚翔集成,2018-12-31,7344万,-658万,348万,7654万,22.6亿
亚翔集成,2017-12-31,5911万,-568万,285万,6193万,17.8亿
亚翔集成,2016-12-31,7077万,-569万,298万,7348万,21.4亿
梦百合,2018-12-31,5.65亿,350万,4.01亿,1.60亿,30.5亿
梦百合,2017-12-31,4.36亿,3513万,2.82亿,1.18亿,23.4亿
梦百合,2016-12-31,3.32亿,-791万,1.93亿,1.47亿,17.2亿
亚玛顿,2018-12-31,1.87亿,8557万,4234万,5908万,15.3亿
亚玛顿,2017-12-31,1.82亿,6902万,4842万,6420万,16.1亿
亚玛顿,2016-12-31,1.83亿,2664万,3947万,1.17亿,14.0亿
新莱应材,2018-12-31,1.86亿,2722万,9028万,6819万,11.7亿
新莱应材,2017-12-31,1.11亿,1149万,4388万,5552万,6.38亿
新莱应材,2016-12-31,1.04亿,834万,3706万,5851万,4.90亿
*ST康得,2018-12-31,14.2亿,4.47亿,4.19亿,5.57亿,91.5亿
*ST康得,2017-12-31,13.8亿,5.53亿,3.36亿,4.94亿,118亿
*ST康得,2016-12-31,12.5亿,2.30亿,2.40亿,7.76亿,92.3亿
新宏泰,2018-12-31,6390万,-345万,1908万,4826万,4.16亿
新宏泰,2017-12-31,6602万,-184万,1751万,5035万,3.79亿
新宏泰,2016-12-31,8354万,-272万,1790万,6836万,3.77亿
宝通科技,2018-12-31,8.13亿,952万,6.89亿,1.15亿,21.7亿
宝通科技,2017-12-31,5.50亿,162万,4.56亿,9289万,15.8亿
宝通科技,2016-12-31,5.41亿,-366万,4.51亿,9281万,14.6亿
信捷电气,2018-12-31,5323万,131万,3293万,1899万,5.90亿
信捷电气,2017-12-31,4120万,-105万,2739万,1485万,4.84亿
信捷电气,2016-12-31,5692万,-161万,1938万,3914万,3.53亿
美年健康,2018-12-31,28.5亿,2.46亿,20.3亿,5.78亿,84.6亿
美年健康,2017-12-31,21.2亿,1.11亿,15.3亿,4.76亿,62.8亿
美年健康,2016-12-31,13.5亿,4714万,9.30亿,3.76亿,43.1亿
远大控股,2018-12-31,8.07亿,1.19亿,4.87亿,2.02亿,660亿
远大控股,2017-12-31,9.70亿,8795万,6.66亿,2.16亿,1015亿
远大控股,2016-12-31,14.9亿,3.32亿,9.81亿,1.81亿,758亿
高科石化,2018-12-31,3659万,530万,1778万,1351万,6.89亿
高科石化,2017-12-31,3111万,364万,1631万,1116万,5.75亿
高科石化,2016-12-31,4956万,492万,1546万,2919万,5.53亿
常熟银行,2018-12-31,--,--,--,--,58.2亿
常熟银行,2017-12-31,--,--,--,--,50.0亿
常熟银行,2016-12-31,--,--,--,--,44.8亿
紫天科技,2018-12-31,7729万,81.0万,2816万,4833万,6.69亿
紫天科技,2017-12-31,7197万,257万,2130万,4810万,3.62亿
紫天科技,2016-12-31,7021万,237万,1788万,4996万,2.55亿
碳元科技,2018-12-31,4133万,-516万,1717万,2932万,5.42亿
碳元科技,2017-12-31,4461万,347万,1672万,2442万,5.00亿
碳元科技,2016-12-31,4684万,-498万,1397万,3785万,4.66亿
金智科技,2018-12-31,3.04亿,7738万,1.14亿,1.13亿,16.8亿
金智科技,2017-12-31,2.88亿,5551万,1.29亿,1.03亿,23.1亿
金智科技,2016-12-31,3.96亿,5209万,1.17亿,2.27亿,18.7亿
*ST中科,2018-12-31,1.08亿,1977万,4903万,3950万,17.3亿
*ST中科,2017-12-31,9739万,1481万,3871万,4387万,14.3亿
*ST中科,2016-12-31,1.06亿,25.0万,3244万,7352万,10.5亿
八方股份,2018-12-31,6510万,61.6万,4160万,2289万,9.42亿
八方股份,2017-12-31,1.54亿,619万,2683万,1.21亿,6.15亿
八方股份,2016-12-31,2851万,-92.1万,1765万,1178万,3.92亿
大亚圣象,2018-12-31,15.8亿,658万,9.58亿,6.19亿,72.6亿
大亚圣象,2017-12-31,16.0亿,5609万,9.48亿,5.94亿,70.5亿
大亚圣象,2016-12-31,14.6亿,4427万,8.19亿,6.01亿,65.3亿
苏利股份,2018-12-31,8609万,-1144万,3359万,6394万,16.5亿
苏利股份,2017-12-31,1.04亿,1452万,3594万,5356万,14.6亿
苏利股份,2016-12-31,1.43亿,-1926万,3382万,1.29亿,13.5亿
文峰股份,2018-12-31,7.98亿,1458万,4.85亿,2.98亿,63.7亿
文峰股份,2017-12-31,7.67亿,2642万,4.65亿,2.76亿,67.2亿
文峰股份,2016-12-31,7.72亿,4699万,4.71亿,2.53亿,67.7亿
华东重机,2018-12-31,1.83亿,347万,1.02亿,7772万,99.5亿
华东重机,2017-12-31,1.92亿,2085万,7024万,1.01亿,50.0亿
华东重机,2016-12-31,9043万,-561万,4535万,5069万,21.4亿
ST亚邦,2018-12-31,6.83亿,3370万,5209万,5.98亿,20.8亿
ST亚邦,2017-12-31,4.75亿,4030万,7298万,3.61亿,32.4亿
ST亚邦,2016-12-31,3.93亿,432万,5396万,3.34亿,22.9亿
裕兴股份,2018-12-31,1132万,-1720万,1111万,1741万,7.38亿
裕兴股份,2017-12-31,182万,-1451万,977万,655万,5.91亿
裕兴股份,2016-12-31,4841万,-1487万,860万,5469万,5.20亿
易德龙,2018-12-31,7614万,40.1万,1944万,5629万,9.51亿
易德龙,2017-12-31,6850万,382万,1588万,4881万,8.63亿
易德龙,2016-12-31,7454万,319万,1200万,5935万,6.88亿
威孚高科,2018-12-31,8.05亿,-1739万,2.38亿,5.85亿,87.2亿
威孚高科,2017-12-31,7.42亿,732万,1.95亿,5.39亿,90.2亿
威孚高科,2016-12-31,10.0亿,-911万,2.13亿,7.97亿,64.2亿
南大光电,2018-12-31,5488万,-802万,2705万,3585万,2.28亿
南大光电,2017-12-31,3475万,150万,761万,2564万,1.77亿
南大光电,2016-12-31,5833万,-527万,518万,5842万,1.01亿
江苏租赁,2018-12-31,--,--,--,--,24.4亿
江苏租赁,2017-12-31,--,--,--,--,19.4亿
江苏租赁,2016-12-31,--,--,--,--,18.1亿
武进不锈,2018-12-31,1.43亿,-187万,7075万,7384万,20.0亿
武进不锈,2017-12-31,1.02亿,473万,4221万,5528万,14.6亿
武进不锈,2016-12-31,1.30亿,848万,3950万,8161万,13.3亿
金 螳 螂,2018-12-31,16.3亿,5181万,6.76亿,8.97亿,251亿
金 螳 螂,2017-12-31,12.9亿,1.28亿,5.08亿,6.51亿,210亿
金 螳 螂,2016-12-31,8.51亿,6495万,3.10亿,4.75亿,196亿
先导智能,2018-12-31,3.70亿,1511万,1.23亿,2.32亿,38.9亿
先导智能,2017-12-31,2.06亿,-581万,8410万,1.28亿,21.8亿
先导智能,2016-12-31,1.69亿,-356万,3064万,1.42亿,10.8亿
斯迪克,2018-12-31,1.65亿,4107万,5119万,7259万,13.5亿
斯迪克,2017-12-31,1.55亿,4514万,4659万,6357万,12.9亿
斯迪克,2016-12-31,1.23亿,3375万,3631万,5264万,9.79亿
中旗股份,2018-12-31,1.16亿,466万,2724万,8376万,16.5亿
中旗股份,2017-12-31,1.09亿,2011万,1867万,7039万,13.0亿
中旗股份,2016-12-31,8892万,-197万,1341万,7749万,8.98亿
常熟汽饰,2018-12-31,2.42亿,3299万,2651万,1.82亿,14.6亿
常熟汽饰,2017-12-31,1.79亿,942万,2727万,1.43亿,13.4亿
常熟汽饰,2016-12-31,2.09亿,1579万,2898万,1.64亿,14.4亿
星宇股份,2018-12-31,2.77亿,168万,1.45亿,1.31亿,50.7亿
星宇股份,2017-12-31,2.42亿,706万,1.26亿,1.09亿,42.6亿
星宇股份,2016-12-31,3.35亿,-209万,1.10亿,2.28亿,33.5亿
泉峰汽车,2018-12-31,1.09亿,3008万,3155万,4735万,12.0亿
泉峰汽车,2017-12-31,7037万,1074万,2265万,3697万,9.23亿
泉峰汽车,2016-12-31,4596万,760万,1226万,2610万,6.99亿
鹏鹞环保,2018-12-31,1.80亿,7967万,2211万,7808万,7.72亿
鹏鹞环保,2017-12-31,1.45亿,6144万,1963万,6363万,8.08亿
鹏鹞环保,2016-12-31,1.57亿,7979万,1852万,5892万,7.08亿
恒铭达,2018-12-31,6420万,-358万,3017万,3761万,5.01亿
恒铭达,2017-12-31,6935万,1055万,2314万,3565万,4.49亿
恒铭达,2016-12-31,4444万,-841万,1542万,3743万,3.18亿
苏州龙杰,2018-12-31,4535万,31.5万,1492万,3011万,17.4亿
苏州龙杰,2017-12-31,4147万,191万,1289万,2666万,15.2亿
苏州龙杰,2016-12-31,3846万,215万,1260万,2371万,12.1亿
春秋电子,2018-12-31,9536万,-392万,3197万,6732万,17.7亿
春秋电子,2017-12-31,1.01亿,3031万,2865万,4228万,17.4亿
春秋电子,2016-12-31,1.00亿,-589万,2590万,8040万,14.7亿
ST中南,2018-12-31,5.32亿,2.13亿,1.68亿,1.51亿,9.70亿
ST中南,2017-12-31,3.58亿,1.28亿,1.01亿,1.29亿,15.3亿
ST中南,2016-12-31,2.70亿,8251万,7094万,1.16亿,13.4亿
斯莱克,2018-12-31,1.23亿,183万,2933万,9147万,7.39亿
斯莱克,2017-12-31,8997万,707万,1818万,6473万,5.49亿
斯莱克,2016-12-31,6873万,-407万,1485万,5795万,3.88亿
黑牡丹,2018-12-31,3.09亿,-9139万,1.46亿,2.54亿,67.6亿
黑牡丹,2017-12-31,2.26亿,-1.13亿,1.16亿,2.24亿,62.9亿
黑牡丹,2016-12-31,2.35亿,-7021万,1.02亿,2.04亿,60.8亿
强力新材,2018-12-31,9117万,18.2万,3029万,6070万,7.39亿
强力新材,2017-12-31,7287万,509万,2284万,4495万,6.40亿
强力新材,2016-12-31,6549万,-294万,1460万,5383万,4.40亿
威唐工业,2018-12-31,9241万,-368万,5392万,4217万,5.09亿
威唐工业,2017-12-31,8318万,-26.4万,4254万,4090万,4.37亿
威唐工业,2016-12-31,6240万,-415万,2743万,3911万,3.17亿
中新集团,2018-12-31,3.26亿,2521万,6650万,2.35亿,34.6亿
中新集团,2017-12-31,3.67亿,5987万,8015万,2.27亿,40.5亿
中新集团,2016-12-31,5.04亿,1.92亿,9519万,2.17亿,65.1亿
ST百特,2018-12-31,1.51亿,4936万,2845万,7346万,2.29亿
ST百特,2017-12-31,1.30亿,3884万,2693万,6405万,13.8亿
ST百特,2016-12-31,1.25亿,571万,2890万,9023万,12.9亿
朗博科技,2018-12-31,3481万,-84.6万,647万,2918万,1.74亿
朗博科技,2017-12-31,3162万,26.6万,637万,2499万,1.87亿
朗博科技,2016-12-31,3777万,-33.5万,611万,3200万,1.56亿
蠡湖股份,2018-12-31,1.25亿,2114万,4681万,5676万,11.2亿
蠡湖股份,2017-12-31,9435万,2246万,2873万,4317万,9.04亿
蠡湖股份,2016-12-31,8383万,1462万,2799万,4122万,7.98亿
智能自控,2018-12-31,6856万,481万,2891万,3484万,3.76亿
智能自控,2017-12-31,5274万,385万,2070万,2819万,3.07亿
智能自控,2016-12-31,5602万,355万,1780万,3466万,2.74亿
苏奥传感,2018-12-31,6822万,-151万,1596万,5377万,6.67亿
苏奥传感,2017-12-31,4524万,-420万,1481万,3462万,6.02亿
苏奥传感,2016-12-31,5785万,-204万,1213万,4776万,5.75亿
振江股份,2018-12-31,1.47亿,3360万,7654万,3687万,9.80亿
振江股份,2017-12-31,1.17亿,2386万,6704万,2598万,9.43亿
振江股份,2016-12-31,1.33亿,1026万,7715万,4575万,8.23亿
